-- phpMyAdmin SQL Dump
-- version 5.0.2
-- https://www.phpmyadmin.net/
--
-- Host: 127.0.0.1:3306
-- Generation Time: Apr 07, 2021 at 10:32 AM
-- Server version: 5.7.31
-- PHP Version: 7.2.33

SET SQL_MODE = "NO_AUTO_VALUE_ON_ZERO";
START TRANSACTION;
SET time_zone = "+00:00";


/*!40101 SET @OLD_CHARACTER_SET_CLIENT=@@CHARACTER_SET_CLIENT */;
/*!40101 SET @OLD_CHARACTER_SET_RESULTS=@@CHARACTER_SET_RESULTS */;
/*!40101 SET @OLD_COLLATION_CONNECTION=@@COLLATION_CONNECTION */;
/*!40101 SET NAMES utf8mb4 */;

--
-- Database: `toast_db`
--

-- --------------------------------------------------------

--
-- Table structure for table `changeset`
--

DROP TABLE IF EXISTS `changeset`;
CREATE TABLE IF NOT EXISTS `changeset` (
  `ID` int(11) NOT NULL AUTO_INCREMENT,
  `ClassName` enum('SilverStripe\\Versioned\\ChangeSet') CHARACTER SET utf8mb4 COLLATE utf8mb4_unicode_ci DEFAULT 'SilverStripe\\Versioned\\ChangeSet',
  `LastEdited` datetime DEFAULT NULL,
  `Created` datetime DEFAULT NULL,
  `Name` varchar(255) CHARACTER SET utf8mb4 COLLATE utf8mb4_unicode_ci DEFAULT NULL,
  `State` enum('open','published','reverted') CHARACTER SET utf8mb4 COLLATE utf8mb4_unicode_ci DEFAULT 'open',
  `IsInferred` tinyint(1) UNSIGNED NOT NULL DEFAULT '0',
  `Description` mediumtext CHARACTER SET utf8mb4 COLLATE utf8mb4_unicode_ci,
  `PublishDate` datetime DEFAULT NULL,
  `LastSynced` datetime DEFAULT NULL,
  `OwnerID` int(11) NOT NULL DEFAULT '0',
  `PublisherID` int(11) NOT NULL DEFAULT '0',
  PRIMARY KEY (`ID`),
  KEY `State` (`State`),
  KEY `ID` (`ID`),
  KEY `ClassName` (`ClassName`),
  KEY `OwnerID` (`OwnerID`),
  KEY `PublisherID` (`PublisherID`)
) ENGINE=InnoDB AUTO_INCREMENT=46 DEFAULT CHARSET=latin1;

--
-- Dumping data for table `changeset`
--

INSERT INTO `changeset` (`ID`, `ClassName`, `LastEdited`, `Created`, `Name`, `State`, `IsInferred`, `Description`, `PublishDate`, `LastSynced`, `OwnerID`, `PublisherID`) VALUES
(1, 'SilverStripe\\Versioned\\ChangeSet', '2021-04-04 21:08:18', '2021-04-04 21:08:18', 'Generated by publish of \'Look & feel\' at Apr 4, 2021, 9:08 PM', 'published', 1, NULL, '2021-04-04 21:08:18', '2021-04-04 21:08:18', 0, 1),
(2, 'SilverStripe\\Versioned\\ChangeSet', '2021-04-04 21:08:26', '2021-04-04 21:08:26', 'Generated by publish of \'Look & feel\' at Apr 4, 2021, 9:08 PM', 'published', 1, NULL, '2021-04-04 21:08:26', '2021-04-04 21:08:26', 0, 1),
(3, 'SilverStripe\\Versioned\\ChangeSet', '2021-04-04 21:08:55', '2021-04-04 21:08:55', 'Generated by publish of \'AdobeStock 111453587 Preview\' at Apr 4, 2021, 9:08 PM', 'published', 1, NULL, '2021-04-04 21:08:55', '2021-04-04 21:08:55', 0, 1),
(4, 'SilverStripe\\Versioned\\ChangeSet', '2021-04-04 21:11:31', '2021-04-04 21:11:31', 'Generated by publish of \'New Home Page\' at Apr 4, 2021, 9:11 PM', 'published', 1, NULL, '2021-04-04 21:11:31', '2021-04-04 21:11:31', 0, 1),
(5, 'SilverStripe\\Versioned\\ChangeSet', '2021-04-04 21:15:27', '2021-04-04 21:15:27', 'Generated by publish of \'Speed\' at Apr 4, 2021, 9:15 PM', 'published', 1, NULL, '2021-04-04 21:15:27', '2021-04-04 21:15:27', 0, 1),
(6, 'SilverStripe\\Versioned\\ChangeSet', '2021-04-04 21:20:56', '2021-04-04 21:20:56', 'Generated by publish of \'Speed\' at Apr 4, 2021, 9:20 PM', 'published', 1, NULL, '2021-04-04 21:20:56', '2021-04-04 21:20:56', 0, 1),
(7, 'SilverStripe\\Versioned\\ChangeSet', '2021-04-04 21:22:42', '2021-04-04 21:22:42', 'Generated by publish of \'Look & feel\' at Apr 4, 2021, 9:22 PM', 'published', 1, NULL, '2021-04-04 21:22:42', '2021-04-04 21:22:42', 0, 1),
(8, 'SilverStripe\\Versioned\\ChangeSet', '2021-04-04 21:23:08', '2021-04-04 21:23:08', 'Generated by publish of \'Fill 6\' at Apr 4, 2021, 9:23 PM', 'published', 1, NULL, '2021-04-04 21:23:08', '2021-04-04 21:23:08', 0, 1),
(9, 'SilverStripe\\Versioned\\ChangeSet', '2021-04-04 21:23:09', '2021-04-04 21:23:09', 'Generated by publish of \'Mockup3\' at Apr 4, 2021, 9:23 PM', 'published', 1, NULL, '2021-04-04 21:23:09', '2021-04-04 21:23:09', 0, 1),
(10, 'SilverStripe\\Versioned\\ChangeSet', '2021-04-04 22:02:13', '2021-04-04 22:02:13', 'Generated by publish of \'Look & feel\' at Apr 4, 2021, 10:02 PM', 'published', 1, NULL, '2021-04-04 22:02:13', '2021-04-04 22:02:13', 0, 1),
(11, 'SilverStripe\\Versioned\\ChangeSet', '2021-04-04 22:22:15', '2021-04-04 22:22:15', 'Generated by publish of \'Look & feel\' at Apr 4, 2021, 10:22 PM', 'published', 1, NULL, '2021-04-04 22:22:15', '2021-04-04 22:22:15', 0, 1),
(12, 'SilverStripe\\Versioned\\ChangeSet', '2021-04-04 22:27:54', '2021-04-04 22:27:54', 'Generated by publish of \'Look & feel\' at Apr 4, 2021, 10:27 PM', 'published', 1, NULL, '2021-04-04 22:27:54', '2021-04-04 22:27:54', 0, 1),
(13, 'SilverStripe\\Versioned\\ChangeSet', '2021-04-04 23:25:34', '2021-04-04 23:25:34', 'Generated by publish of \'Home\' at Apr 4, 2021, 11:25 PM', 'published', 1, NULL, '2021-04-04 23:25:34', '2021-04-04 23:25:34', 0, 1),
(14, 'SilverStripe\\Versioned\\ChangeSet', '2021-04-04 23:25:46', '2021-04-04 23:25:46', 'Generated by publish of \'Home Page\' at Apr 4, 2021, 11:25 PM', 'published', 1, NULL, '2021-04-04 23:25:46', '2021-04-04 23:25:46', 0, 1),
(15, 'SilverStripe\\Versioned\\ChangeSet', '2021-04-04 23:26:08', '2021-04-04 23:26:08', 'Generated by publish of \'Home Page\' at Apr 4, 2021, 11:26 PM', 'published', 1, NULL, '2021-04-04 23:26:08', '2021-04-04 23:26:08', 0, 1),
(16, 'SilverStripe\\Versioned\\ChangeSet', '2021-04-04 23:26:34', '2021-04-04 23:26:34', 'Generated by publish of \'Home\' at Apr 4, 2021, 11:26 PM', 'published', 1, NULL, '2021-04-04 23:26:34', '2021-04-04 23:26:34', 0, 1),
(17, 'SilverStripe\\Versioned\\ChangeSet', '2021-04-04 23:26:46', '2021-04-04 23:26:46', 'Generated by publish of \'Home Page\' at Apr 4, 2021, 11:26 PM', 'published', 1, NULL, '2021-04-04 23:26:46', '2021-04-04 23:26:46', 0, 1),
(18, 'SilverStripe\\Versioned\\ChangeSet', '2021-04-04 23:27:15', '2021-04-04 23:27:15', 'Generated by publish of \'Home Page\' at Apr 4, 2021, 11:27 PM', 'published', 1, NULL, '2021-04-04 23:27:15', '2021-04-04 23:27:15', 0, 1),
(19, 'SilverStripe\\Versioned\\ChangeSet', '2021-04-05 02:32:30', '2021-04-05 02:32:30', 'Generated by publish of \'logo\' at Apr 5, 2021, 2:32 AM', 'published', 1, NULL, '2021-04-05 02:32:30', '2021-04-05 02:32:30', 0, 1),
(20, 'SilverStripe\\Versioned\\ChangeSet', '2021-04-05 02:32:55', '2021-04-05 02:32:55', 'Generated by publish of \'Your Site Name\' at Apr 5, 2021, 2:32 AM', 'published', 1, NULL, '2021-04-05 02:32:55', '2021-04-05 02:32:55', 0, 1),
(21, 'SilverStripe\\Versioned\\ChangeSet', '2021-04-05 02:35:02', '2021-04-05 02:35:02', 'Generated by publish of \'Your Site Name\' at Apr 5, 2021, 2:35 AM', 'published', 1, NULL, '2021-04-05 02:35:02', '2021-04-05 02:35:02', 0, 1),
(22, 'SilverStripe\\Versioned\\ChangeSet', '2021-04-05 02:35:08', '2021-04-05 02:35:08', 'Generated by publish of \'Your Site Name\' at Apr 5, 2021, 2:35 AM', 'published', 1, NULL, '2021-04-05 02:35:08', '2021-04-05 02:35:08', 0, 1),
(23, 'SilverStripe\\Versioned\\ChangeSet', '2021-04-05 02:37:27', '2021-04-05 02:37:27', 'Generated by publish of \'Your Site Name\' at Apr 5, 2021, 2:37 AM', 'published', 1, NULL, '2021-04-05 02:37:27', '2021-04-05 02:37:27', 0, 1),
(24, 'SilverStripe\\Versioned\\ChangeSet', '2021-04-05 02:39:10', '2021-04-05 02:39:10', 'Generated by publish of \'Your Site Name\' at Apr 5, 2021, 2:39 AM', 'published', 1, NULL, '2021-04-05 02:39:10', '2021-04-05 02:39:10', 0, 1),
(25, 'SilverStripe\\Versioned\\ChangeSet', '2021-04-05 02:39:21', '2021-04-05 02:39:21', 'Generated by publish of \'Your Site Name\' at Apr 5, 2021, 2:39 AM', 'published', 1, NULL, '2021-04-05 02:39:21', '2021-04-05 02:39:21', 0, 1),
(26, 'SilverStripe\\Versioned\\ChangeSet', '2021-04-05 03:39:16', '2021-04-05 03:39:16', 'Generated by publish of \'#1\' at Apr 5, 2021, 3:39 AM', 'published', 1, NULL, '2021-04-05 03:39:16', '2021-04-05 03:39:16', 0, 1),
(27, 'SilverStripe\\Versioned\\ChangeSet', '2021-04-05 03:40:04', '2021-04-05 03:40:04', 'Generated by publish of \'#2\' at Apr 5, 2021, 3:40 AM', 'published', 1, NULL, '2021-04-05 03:40:04', '2021-04-05 03:40:04', 0, 1),
(28, 'SilverStripe\\Versioned\\ChangeSet', '2021-04-05 03:41:00', '2021-04-05 03:41:00', 'Generated by publish of \'#3\' at Apr 5, 2021, 3:41 AM', 'published', 1, NULL, '2021-04-05 03:41:00', '2021-04-05 03:41:00', 0, 1),
(29, 'SilverStripe\\Versioned\\ChangeSet', '2021-04-05 03:41:22', '2021-04-05 03:41:22', 'Generated by publish of \'#4\' at Apr 5, 2021, 3:41 AM', 'published', 1, NULL, '2021-04-05 03:41:22', '2021-04-05 03:41:22', 0, 1),
(30, 'SilverStripe\\Versioned\\ChangeSet', '2021-04-05 03:42:02', '2021-04-05 03:42:02', 'Generated by publish of \'fb\' at Apr 5, 2021, 3:42 AM', 'published', 1, NULL, '2021-04-05 03:42:02', '2021-04-05 03:42:02', 0, 1),
(31, 'SilverStripe\\Versioned\\ChangeSet', '2021-04-05 03:42:04', '2021-04-05 03:42:04', 'Generated by publish of \'in\' at Apr 5, 2021, 3:42 AM', 'published', 1, NULL, '2021-04-05 03:42:04', '2021-04-05 03:42:04', 0, 1),
(32, 'SilverStripe\\Versioned\\ChangeSet', '2021-04-05 03:42:05', '2021-04-05 03:42:05', 'Generated by publish of \'location\' at Apr 5, 2021, 3:42 AM', 'published', 1, NULL, '2021-04-05 03:42:05', '2021-04-05 03:42:05', 0, 1),
(33, 'SilverStripe\\Versioned\\ChangeSet', '2021-04-05 03:42:06', '2021-04-05 03:42:06', 'Generated by publish of \'ss\' at Apr 5, 2021, 3:42 AM', 'published', 1, NULL, '2021-04-05 03:42:06', '2021-04-05 03:42:06', 0, 1),
(34, 'SilverStripe\\Versioned\\ChangeSet', '2021-04-05 04:50:05', '2021-04-05 04:50:05', 'Generated by publish of \'Look & feel\' at Apr 5, 2021, 4:50 AM', 'published', 1, NULL, '2021-04-05 04:50:05', '2021-04-05 04:50:05', 0, 1),
(35, 'SilverStripe\\Versioned\\ChangeSet', '2021-04-05 04:50:36', '2021-04-05 04:50:36', 'Generated by publish of \'Speed\' at Apr 5, 2021, 4:50 AM', 'published', 1, NULL, '2021-04-05 04:50:36', '2021-04-05 04:50:36', 0, 1),
(36, 'SilverStripe\\Versioned\\ChangeSet', '2021-04-06 11:47:01', '2021-04-06 11:47:01', 'Generated by publish of \'Mockup2\' at Apr 6, 2021, 11:47 AM', 'published', 1, NULL, '2021-04-06 11:47:01', '2021-04-06 11:47:01', 0, 1),
(37, 'SilverStripe\\Versioned\\ChangeSet', '2021-04-06 11:48:17', '2021-04-06 11:48:17', 'Generated by publish of \'Your Site Name\' at Apr 6, 2021, 11:48 AM', 'published', 1, NULL, '2021-04-06 11:48:17', '2021-04-06 11:48:17', 0, 1),
(38, 'SilverStripe\\Versioned\\ChangeSet', '2021-04-06 11:48:31', '2021-04-06 11:48:31', 'Generated by publish of \'Mockup2\' at Apr 6, 2021, 11:48 AM', 'published', 1, NULL, '2021-04-06 11:48:31', '2021-04-06 11:48:31', 0, 1),
(39, 'SilverStripe\\Versioned\\ChangeSet', '2021-04-06 11:48:58', '2021-04-06 11:48:58', 'Generated by publish of \'Your Site Name\' at Apr 6, 2021, 11:48 AM', 'published', 1, NULL, '2021-04-06 11:48:58', '2021-04-06 11:48:58', 0, 1),
(40, 'SilverStripe\\Versioned\\ChangeSet', '2021-04-06 11:49:12', '2021-04-06 11:49:12', 'Generated by publish of \'Your Site Name\' at Apr 6, 2021, 11:49 AM', 'published', 1, NULL, '2021-04-06 11:49:12', '2021-04-06 11:49:12', 0, 1),
(41, 'SilverStripe\\Versioned\\ChangeSet', '2021-04-06 19:19:10', '2021-04-06 19:19:10', 'Generated by publish of \'Your Site Name\' at Apr 6, 2021, 7:19 PM', 'published', 1, NULL, '2021-04-06 19:19:10', '2021-04-06 19:19:10', 0, 1),
(42, 'SilverStripe\\Versioned\\ChangeSet', '2021-04-06 19:19:47', '2021-04-06 19:19:47', 'Generated by publish of \'Your Site Name\' at Apr 6, 2021, 7:19 PM', 'published', 1, NULL, '2021-04-06 19:19:47', '2021-04-06 19:19:47', 0, 1),
(43, 'SilverStripe\\Versioned\\ChangeSet', '2021-04-07 09:46:55', '2021-04-07 09:46:55', 'Generated by publish of \'Speed\' at Apr 7, 2021, 9:46 AM', 'published', 1, NULL, '2021-04-07 09:46:55', '2021-04-07 09:46:55', 0, 1),
(44, 'SilverStripe\\Versioned\\ChangeSet', '2021-04-07 09:58:19', '2021-04-07 09:58:19', 'Generated by publish of \'mac\' at Apr 7, 2021, 9:58 AM', 'published', 1, NULL, '2021-04-07 09:58:19', '2021-04-07 09:58:19', 0, 1),
(45, 'SilverStripe\\Versioned\\ChangeSet', '2021-04-07 09:59:43', '2021-04-07 09:59:43', 'Generated by publish of \'Speed\' at Apr 7, 2021, 9:59 AM', 'published', 1, NULL, '2021-04-07 09:59:43', '2021-04-07 09:59:43', 0, 1);

-- --------------------------------------------------------

--
-- Table structure for table `changesetitem`
--

DROP TABLE IF EXISTS `changesetitem`;
CREATE TABLE IF NOT EXISTS `changesetitem` (
  `ID` int(11) NOT NULL AUTO_INCREMENT,
  `ClassName` enum('SilverStripe\\Versioned\\ChangeSetItem') CHARACTER SET utf8mb4 COLLATE utf8mb4_unicode_ci DEFAULT 'SilverStripe\\Versioned\\ChangeSetItem',
  `LastEdited` datetime DEFAULT NULL,
  `Created` datetime DEFAULT NULL,
  `VersionBefore` int(11) NOT NULL DEFAULT '0',
  `VersionAfter` int(11) NOT NULL DEFAULT '0',
  `Added` enum('explicitly','implicitly') CHARACTER SET utf8mb4 COLLATE utf8mb4_unicode_ci DEFAULT 'implicitly',
  `ChangeSetID` int(11) NOT NULL DEFAULT '0',
  `ObjectID` int(11) NOT NULL DEFAULT '0',
  `ObjectClass` enum('ContactFormSubmission','ImageContentBlock','SocialLinksFooter','SilverStripe\\Assets\\File','SilverStripe\\SiteConfig\\SiteConfig','SilverStripe\\Versioned\\ChangeSet','SilverStripe\\Versioned\\ChangeSetItem','DNADesign\\Elemental\\Models\\BaseElement','DNADesign\\Elemental\\Models\\ElementalArea','SilverStripe\\Assets\\Shortcodes\\FileLink','SilverStripe\\CMS\\Model\\SiteTree','SilverStripe\\CMS\\Model\\SiteTreeLink','SilverStripe\\Security\\Group','SilverStripe\\Security\\LoginAttempt','SilverStripe\\Security\\Member','SilverStripe\\Security\\MemberPassword','SilverStripe\\Security\\Permission','SilverStripe\\Security\\PermissionRole','SilverStripe\\Security\\PermissionRoleCode','SilverStripe\\Security\\RememberLoginHash','SilverStripe\\Assets\\Folder','SilverStripe\\Assets\\Image','DNADesign\\Elemental\\Models\\ElementContent','Page','HomePage','SilverStripe\\ErrorPage\\ErrorPage','SilverStripe\\CMS\\Model\\RedirectorPage','SilverStripe\\CMS\\Model\\VirtualPage') CHARACTER SET utf8mb4 COLLATE utf8mb4_unicode_ci DEFAULT 'ContactFormSubmission',
  PRIMARY KEY (`ID`),
  UNIQUE KEY `ObjectUniquePerChangeSet` (`ObjectID`,`ObjectClass`,`ChangeSetID`),
  KEY `ClassName` (`ClassName`),
  KEY `ChangeSetID` (`ChangeSetID`),
  KEY `Object` (`ObjectID`,`ObjectClass`)
) ENGINE=InnoDB AUTO_INCREMENT=63 DEFAULT CHARSET=latin1;

--
-- Dumping data for table `changesetitem`
--

INSERT INTO `changesetitem` (`ID`, `ClassName`, `LastEdited`, `Created`, `VersionBefore`, `VersionAfter`, `Added`, `ChangeSetID`, `ObjectID`, `ObjectClass`) VALUES
(1, 'SilverStripe\\Versioned\\ChangeSetItem', '2021-04-04 21:08:18', '2021-04-04 21:08:18', 0, 0, 'explicitly', 1, 1, 'ImageContentBlock'),
(2, 'SilverStripe\\Versioned\\ChangeSetItem', '2021-04-04 21:08:26', '2021-04-04 21:08:26', 0, 0, 'explicitly', 2, 1, 'ImageContentBlock'),
(3, 'SilverStripe\\Versioned\\ChangeSetItem', '2021-04-04 21:08:55', '2021-04-04 21:08:55', 0, 3, 'explicitly', 3, 2, 'SilverStripe\\Assets\\File'),
(4, 'SilverStripe\\Versioned\\ChangeSetItem', '2021-04-04 21:11:31', '2021-04-04 21:11:31', 0, 3, 'explicitly', 4, 6, 'SilverStripe\\CMS\\Model\\SiteTree'),
(5, 'SilverStripe\\Versioned\\ChangeSetItem', '2021-04-04 21:15:27', '2021-04-04 21:15:27', 0, 0, 'explicitly', 5, 2, 'ImageContentBlock'),
(6, 'SilverStripe\\Versioned\\ChangeSetItem', '2021-04-04 21:20:56', '2021-04-04 21:20:56', 0, 0, 'explicitly', 6, 2, 'ImageContentBlock'),
(7, 'SilverStripe\\Versioned\\ChangeSetItem', '2021-04-04 21:22:42', '2021-04-04 21:22:42', 0, 0, 'explicitly', 7, 1, 'ImageContentBlock'),
(8, 'SilverStripe\\Versioned\\ChangeSetItem', '2021-04-04 21:23:08', '2021-04-04 21:23:08', 0, 2, 'explicitly', 8, 3, 'SilverStripe\\Assets\\File'),
(9, 'SilverStripe\\Versioned\\ChangeSetItem', '2021-04-04 21:23:09', '2021-04-04 21:23:09', 0, 2, 'explicitly', 9, 4, 'SilverStripe\\Assets\\File'),
(10, 'SilverStripe\\Versioned\\ChangeSetItem', '2021-04-04 22:02:13', '2021-04-04 22:02:13', 0, 0, 'explicitly', 10, 1, 'ImageContentBlock'),
(11, 'SilverStripe\\Versioned\\ChangeSetItem', '2021-04-04 22:22:15', '2021-04-04 22:22:15', 0, 0, 'explicitly', 11, 1, 'ImageContentBlock'),
(12, 'SilverStripe\\Versioned\\ChangeSetItem', '2021-04-04 22:27:54', '2021-04-04 22:27:54', 0, 0, 'explicitly', 12, 1, 'ImageContentBlock'),
(14, 'SilverStripe\\Versioned\\ChangeSetItem', '2021-04-04 23:25:46', '2021-04-04 23:25:46', 3, 5, 'explicitly', 14, 6, 'SilverStripe\\CMS\\Model\\SiteTree'),
(15, 'SilverStripe\\Versioned\\ChangeSetItem', '2021-04-04 23:26:08', '2021-04-04 23:26:08', 5, 7, 'explicitly', 15, 6, 'SilverStripe\\CMS\\Model\\SiteTree'),
(17, 'SilverStripe\\Versioned\\ChangeSetItem', '2021-04-04 23:26:46', '2021-04-04 23:26:46', 7, 10, 'explicitly', 17, 6, 'SilverStripe\\CMS\\Model\\SiteTree'),
(18, 'SilverStripe\\Versioned\\ChangeSetItem', '2021-04-04 23:27:15', '2021-04-04 23:27:15', 10, 12, 'explicitly', 18, 6, 'SilverStripe\\CMS\\Model\\SiteTree'),
(19, 'SilverStripe\\Versioned\\ChangeSetItem', '2021-04-05 02:32:30', '2021-04-05 02:32:30', 2, 5, 'explicitly', 19, 3, 'SilverStripe\\Assets\\File'),
(20, 'SilverStripe\\Versioned\\ChangeSetItem', '2021-04-05 02:32:55', '2021-04-05 02:32:55', 0, 0, 'explicitly', 20, 1, 'SilverStripe\\SiteConfig\\SiteConfig'),
(21, 'SilverStripe\\Versioned\\ChangeSetItem', '2021-04-05 02:35:02', '2021-04-05 02:35:02', 0, 0, 'explicitly', 21, 1, 'SilverStripe\\SiteConfig\\SiteConfig'),
(22, 'SilverStripe\\Versioned\\ChangeSetItem', '2021-04-05 02:35:08', '2021-04-05 02:35:08', 0, 0, 'explicitly', 22, 1, 'SilverStripe\\SiteConfig\\SiteConfig'),
(23, 'SilverStripe\\Versioned\\ChangeSetItem', '2021-04-05 02:37:27', '2021-04-05 02:37:27', 0, 0, 'explicitly', 23, 1, 'SilverStripe\\SiteConfig\\SiteConfig'),
(24, 'SilverStripe\\Versioned\\ChangeSetItem', '2021-04-05 02:39:10', '2021-04-05 02:39:10', 0, 0, 'explicitly', 24, 1, 'SilverStripe\\SiteConfig\\SiteConfig'),
(25, 'SilverStripe\\Versioned\\ChangeSetItem', '2021-04-05 02:39:21', '2021-04-05 02:39:21', 0, 0, 'explicitly', 25, 1, 'SilverStripe\\SiteConfig\\SiteConfig'),
(26, 'SilverStripe\\Versioned\\ChangeSetItem', '2021-04-05 03:39:16', '2021-04-05 03:39:16', 0, 0, 'explicitly', 26, 1, 'SocialLinksFooter'),
(27, 'SilverStripe\\Versioned\\ChangeSetItem', '2021-04-05 03:40:04', '2021-04-05 03:40:04', 0, 0, 'explicitly', 27, 2, 'SocialLinksFooter'),
(28, 'SilverStripe\\Versioned\\ChangeSetItem', '2021-04-05 03:41:00', '2021-04-05 03:41:00', 0, 0, 'explicitly', 28, 3, 'SocialLinksFooter'),
(29, 'SilverStripe\\Versioned\\ChangeSetItem', '2021-04-05 03:41:22', '2021-04-05 03:41:22', 0, 0, 'explicitly', 29, 4, 'SocialLinksFooter'),
(30, 'SilverStripe\\Versioned\\ChangeSetItem', '2021-04-05 03:42:02', '2021-04-05 03:42:02', 0, 2, 'explicitly', 30, 6, 'SilverStripe\\Assets\\File'),
(31, 'SilverStripe\\Versioned\\ChangeSetItem', '2021-04-05 03:42:04', '2021-04-05 03:42:04', 0, 2, 'explicitly', 31, 8, 'SilverStripe\\Assets\\File'),
(32, 'SilverStripe\\Versioned\\ChangeSetItem', '2021-04-05 03:42:05', '2021-04-05 03:42:05', 0, 2, 'explicitly', 32, 9, 'SilverStripe\\Assets\\File'),
(33, 'SilverStripe\\Versioned\\ChangeSetItem', '2021-04-05 03:42:06', '2021-04-05 03:42:06', 0, 2, 'explicitly', 33, 7, 'SilverStripe\\Assets\\File'),
(34, 'SilverStripe\\Versioned\\ChangeSetItem', '2021-04-05 04:50:05', '2021-04-05 04:50:05', 0, 0, 'explicitly', 34, 1, 'ImageContentBlock'),
(35, 'SilverStripe\\Versioned\\ChangeSetItem', '2021-04-05 04:50:36', '2021-04-05 04:50:36', 0, 0, 'explicitly', 35, 2, 'ImageContentBlock'),
(36, 'SilverStripe\\Versioned\\ChangeSetItem', '2021-04-06 11:47:01', '2021-04-06 11:47:01', 0, 3, 'explicitly', 36, 10, 'SilverStripe\\Assets\\File'),
(37, 'SilverStripe\\Versioned\\ChangeSetItem', '2021-04-06 11:48:17', '2021-04-06 11:48:17', 0, 0, 'explicitly', 37, 1, 'SilverStripe\\SiteConfig\\SiteConfig'),
(38, 'SilverStripe\\Versioned\\ChangeSetItem', '2021-04-06 11:48:17', '2021-04-06 11:48:17', 5, 5, 'implicitly', 37, 3, 'SilverStripe\\Assets\\File'),
(39, 'SilverStripe\\Versioned\\ChangeSetItem', '2021-04-06 11:48:17', '2021-04-06 11:48:17', 3, 3, 'implicitly', 37, 10, 'SilverStripe\\Assets\\File'),
(40, 'SilverStripe\\Versioned\\ChangeSetItem', '2021-04-06 11:48:17', '2021-04-06 11:48:17', 0, 2, 'implicitly', 37, 11, 'SilverStripe\\Assets\\File'),
(41, 'SilverStripe\\Versioned\\ChangeSetItem', '2021-04-06 11:48:31', '2021-04-06 11:48:31', 3, 5, 'explicitly', 38, 10, 'SilverStripe\\Assets\\File'),
(42, 'SilverStripe\\Versioned\\ChangeSetItem', '2021-04-06 11:48:58', '2021-04-06 11:48:58', 0, 0, 'explicitly', 39, 1, 'SilverStripe\\SiteConfig\\SiteConfig'),
(43, 'SilverStripe\\Versioned\\ChangeSetItem', '2021-04-06 11:48:58', '2021-04-06 11:48:58', 5, 5, 'implicitly', 39, 3, 'SilverStripe\\Assets\\File'),
(44, 'SilverStripe\\Versioned\\ChangeSetItem', '2021-04-06 11:48:58', '2021-04-06 11:48:58', 5, 5, 'implicitly', 39, 10, 'SilverStripe\\Assets\\File'),
(45, 'SilverStripe\\Versioned\\ChangeSetItem', '2021-04-06 11:48:58', '2021-04-06 11:48:58', 2, 2, 'implicitly', 39, 11, 'SilverStripe\\Assets\\File'),
(46, 'SilverStripe\\Versioned\\ChangeSetItem', '2021-04-06 11:49:12', '2021-04-06 11:49:12', 0, 0, 'explicitly', 40, 1, 'SilverStripe\\SiteConfig\\SiteConfig'),
(47, 'SilverStripe\\Versioned\\ChangeSetItem', '2021-04-06 11:49:12', '2021-04-06 11:49:12', 5, 5, 'implicitly', 40, 3, 'SilverStripe\\Assets\\File'),
(48, 'SilverStripe\\Versioned\\ChangeSetItem', '2021-04-06 11:49:12', '2021-04-06 11:49:12', 5, 5, 'implicitly', 40, 10, 'SilverStripe\\Assets\\File'),
(49, 'SilverStripe\\Versioned\\ChangeSetItem', '2021-04-06 11:49:12', '2021-04-06 11:49:12', 2, 2, 'implicitly', 40, 11, 'SilverStripe\\Assets\\File'),
(50, 'SilverStripe\\Versioned\\ChangeSetItem', '2021-04-06 19:19:10', '2021-04-06 19:19:10', 0, 0, 'explicitly', 41, 1, 'SilverStripe\\SiteConfig\\SiteConfig'),
(51, 'SilverStripe\\Versioned\\ChangeSetItem', '2021-04-06 19:19:10', '2021-04-06 19:19:10', 5, 5, 'implicitly', 41, 3, 'SilverStripe\\Assets\\File'),
(52, 'SilverStripe\\Versioned\\ChangeSetItem', '2021-04-06 19:19:10', '2021-04-06 19:19:10', 5, 5, 'implicitly', 41, 10, 'SilverStripe\\Assets\\File'),
(53, 'SilverStripe\\Versioned\\ChangeSetItem', '2021-04-06 19:19:10', '2021-04-06 19:19:10', 2, 2, 'implicitly', 41, 11, 'SilverStripe\\Assets\\File'),
(54, 'SilverStripe\\Versioned\\ChangeSetItem', '2021-04-06 19:19:47', '2021-04-06 19:19:47', 0, 0, 'explicitly', 42, 1, 'SilverStripe\\SiteConfig\\SiteConfig'),
(55, 'SilverStripe\\Versioned\\ChangeSetItem', '2021-04-06 19:19:47', '2021-04-06 19:19:47', 5, 5, 'implicitly', 42, 3, 'SilverStripe\\Assets\\File'),
(56, 'SilverStripe\\Versioned\\ChangeSetItem', '2021-04-06 19:19:47', '2021-04-06 19:19:47', 5, 5, 'implicitly', 42, 10, 'SilverStripe\\Assets\\File'),
(57, 'SilverStripe\\Versioned\\ChangeSetItem', '2021-04-06 19:19:47', '2021-04-06 19:19:47', 2, 2, 'implicitly', 42, 11, 'SilverStripe\\Assets\\File'),
(58, 'SilverStripe\\Versioned\\ChangeSetItem', '2021-04-07 09:46:55', '2021-04-07 09:46:55', 0, 0, 'explicitly', 43, 2, 'ImageContentBlock'),
(59, 'SilverStripe\\Versioned\\ChangeSetItem', '2021-04-07 09:46:55', '2021-04-07 09:46:55', 2, 2, 'implicitly', 43, 4, 'SilverStripe\\Assets\\File'),
(60, 'SilverStripe\\Versioned\\ChangeSetItem', '2021-04-07 09:58:19', '2021-04-07 09:58:19', 0, 3, 'explicitly', 44, 12, 'SilverStripe\\Assets\\File'),
(61, 'SilverStripe\\Versioned\\ChangeSetItem', '2021-04-07 09:59:43', '2021-04-07 09:59:43', 0, 0, 'explicitly', 45, 2, 'ImageContentBlock'),
(62, 'SilverStripe\\Versioned\\ChangeSetItem', '2021-04-07 09:59:43', '2021-04-07 09:59:43', 3, 3, 'implicitly', 45, 12, 'SilverStripe\\Assets\\File');

-- --------------------------------------------------------

--
-- Table structure for table `changesetitem_referencedby`
--

DROP TABLE IF EXISTS `changesetitem_referencedby`;
CREATE TABLE IF NOT EXISTS `changesetitem_referencedby` (
  `ID` int(11) NOT NULL AUTO_INCREMENT,
  `ChangeSetItemID` int(11) NOT NULL DEFAULT '0',
  `ChildID` int(11) NOT NULL DEFAULT '0',
  PRIMARY KEY (`ID`),
  KEY `ChangeSetItemID` (`ChangeSetItemID`),
  KEY `ChildID` (`ChildID`)
) ENGINE=InnoDB AUTO_INCREMENT=18 DEFAULT CHARSET=latin1;

--
-- Dumping data for table `changesetitem_referencedby`
--

INSERT INTO `changesetitem_referencedby` (`ID`, `ChangeSetItemID`, `ChildID`) VALUES
(1, 38, 37),
(2, 39, 37),
(3, 40, 37),
(4, 43, 42),
(5, 44, 42),
(6, 45, 42),
(7, 47, 46),
(8, 48, 46),
(9, 49, 46),
(10, 51, 50),
(11, 52, 50),
(12, 53, 50),
(13, 55, 54),
(14, 56, 54),
(15, 57, 54),
(16, 59, 58),
(17, 62, 61);

-- --------------------------------------------------------

--
-- Table structure for table `contactformsubmission`
--

DROP TABLE IF EXISTS `contactformsubmission`;
CREATE TABLE IF NOT EXISTS `contactformsubmission` (
  `ID` int(11) NOT NULL AUTO_INCREMENT,
  `ClassName` enum('ContactFormSubmission') CHARACTER SET utf8mb4 COLLATE utf8mb4_unicode_ci DEFAULT 'ContactFormSubmission',
  `LastEdited` datetime DEFAULT NULL,
  `Created` datetime DEFAULT NULL,
  `Name` varchar(255) CHARACTER SET utf8mb4 COLLATE utf8mb4_unicode_ci DEFAULT NULL,
  `Email` varchar(255) CHARACTER SET utf8mb4 COLLATE utf8mb4_unicode_ci DEFAULT NULL,
  `Company` varchar(255) CHARACTER SET utf8mb4 COLLATE utf8mb4_unicode_ci DEFAULT NULL,
  PRIMARY KEY (`ID`),
  KEY `ClassName` (`ClassName`)
) ENGINE=InnoDB AUTO_INCREMENT=37 DEFAULT CHARSET=latin1;

--
-- Dumping data for table `contactformsubmission`
--

INSERT INTO `contactformsubmission` (`ID`, `ClassName`, `LastEdited`, `Created`, `Name`, `Email`, `Company`) VALUES
(5, 'ContactFormSubmission', '2021-04-05 10:35:09', '2021-04-05 10:35:09', 'Vijay', 'vjadhithyanmohan1701@gmail.com', 'Test'),
(6, 'ContactFormSubmission', '2021-04-05 10:39:54', '2021-04-05 10:39:54', 'Vijay', 'vjadhithyanmohan1701@gmail.com', 'Test'),
(35, 'ContactFormSubmission', '2021-04-07 10:19:27', '2021-04-07 10:19:27', 'Vijay Adhithyan Mohan', 'vjadhithyanmohan1701@gmail.com', 'Toast'),
(36, 'ContactFormSubmission', '2021-04-07 10:27:28', '2021-04-07 10:27:28', 'Vijay Adhithyan Mohan', 'vjadhithyanmohan1701@gmail.com', 'Toast Test');

-- --------------------------------------------------------

--
-- Table structure for table `element`
--

DROP TABLE IF EXISTS `element`;
CREATE TABLE IF NOT EXISTS `element` (
  `ID` int(11) NOT NULL AUTO_INCREMENT,
  `ClassName` enum('DNADesign\\Elemental\\Models\\BaseElement','DNADesign\\Elemental\\Models\\ElementContent') CHARACTER SET utf8mb4 COLLATE utf8mb4_unicode_ci DEFAULT 'DNADesign\\Elemental\\Models\\BaseElement',
  `LastEdited` datetime DEFAULT NULL,
  `Created` datetime DEFAULT NULL,
  `Version` int(11) NOT NULL DEFAULT '0',
  `Title` varchar(255) CHARACTER SET utf8mb4 COLLATE utf8mb4_unicode_ci DEFAULT NULL,
  `ShowTitle` tinyint(1) UNSIGNED NOT NULL DEFAULT '0',
  `Sort` int(11) NOT NULL DEFAULT '0',
  `ExtraClass` varchar(255) CHARACTER SET utf8mb4 COLLATE utf8mb4_unicode_ci DEFAULT NULL,
  `Style` varchar(255) CHARACTER SET utf8mb4 COLLATE utf8mb4_unicode_ci DEFAULT NULL,
  `ParentID` int(11) NOT NULL DEFAULT '0',
  PRIMARY KEY (`ID`),
  KEY `Sort` (`Sort`),
  KEY `ClassName` (`ClassName`),
  KEY `ParentID` (`ParentID`)
) ENGINE=InnoDB DEFAULT CHARSET=latin1;

-- --------------------------------------------------------

--
-- Table structure for table `elementalarea`
--

DROP TABLE IF EXISTS `elementalarea`;
CREATE TABLE IF NOT EXISTS `elementalarea` (
  `ID` int(11) NOT NULL AUTO_INCREMENT,
  `ClassName` enum('DNADesign\\Elemental\\Models\\ElementalArea') CHARACTER SET utf8mb4 COLLATE utf8mb4_unicode_ci DEFAULT 'DNADesign\\Elemental\\Models\\ElementalArea',
  `LastEdited` datetime DEFAULT NULL,
  `Created` datetime DEFAULT NULL,
  `Version` int(11) NOT NULL DEFAULT '0',
  `OwnerClassName` varchar(255) CHARACTER SET utf8mb4 COLLATE utf8mb4_unicode_ci DEFAULT NULL,
  PRIMARY KEY (`ID`),
  KEY `ClassName` (`ClassName`)
) ENGINE=InnoDB AUTO_INCREMENT=5 DEFAULT CHARSET=latin1;

--
-- Dumping data for table `elementalarea`
--

INSERT INTO `elementalarea` (`ID`, `ClassName`, `LastEdited`, `Created`, `Version`, `OwnerClassName`) VALUES
(1, 'DNADesign\\Elemental\\Models\\ElementalArea', '2021-04-04 12:11:33', '2021-04-04 12:11:33', 1, 'Page'),
(2, 'DNADesign\\Elemental\\Models\\ElementalArea', '2021-04-04 12:11:34', '2021-04-04 12:11:34', 1, 'SilverStripe\\ErrorPage\\ErrorPage'),
(3, 'DNADesign\\Elemental\\Models\\ElementalArea', '2021-04-04 12:11:34', '2021-04-04 12:11:34', 1, 'SilverStripe\\ErrorPage\\ErrorPage'),
(4, 'DNADesign\\Elemental\\Models\\ElementalArea', '2021-04-04 12:11:34', '2021-04-04 12:11:34', 1, 'HomePage');

-- --------------------------------------------------------

--
-- Table structure for table `elementalarea_live`
--

DROP TABLE IF EXISTS `elementalarea_live`;
CREATE TABLE IF NOT EXISTS `elementalarea_live` (
  `ID` int(11) NOT NULL AUTO_INCREMENT,
  `ClassName` enum('DNADesign\\Elemental\\Models\\ElementalArea') CHARACTER SET utf8mb4 COLLATE utf8mb4_unicode_ci DEFAULT 'DNADesign\\Elemental\\Models\\ElementalArea',
  `LastEdited` datetime DEFAULT NULL,
  `Created` datetime DEFAULT NULL,
  `Version` int(11) NOT NULL DEFAULT '0',
  `OwnerClassName` varchar(255) CHARACTER SET utf8mb4 COLLATE utf8mb4_unicode_ci DEFAULT NULL,
  PRIMARY KEY (`ID`),
  KEY `ClassName` (`ClassName`)
) ENGINE=InnoDB DEFAULT CHARSET=latin1;

-- --------------------------------------------------------

--
-- Table structure for table `elementalarea_versions`
--

DROP TABLE IF EXISTS `elementalarea_versions`;
CREATE TABLE IF NOT EXISTS `elementalarea_versions` (
  `ID` int(11) NOT NULL AUTO_INCREMENT,
  `RecordID` int(11) NOT NULL DEFAULT '0',
  `Version` int(11) NOT NULL DEFAULT '0',
  `WasPublished` tinyint(1) UNSIGNED NOT NULL DEFAULT '0',
  `WasDeleted` tinyint(1) UNSIGNED NOT NULL DEFAULT '0',
  `WasDraft` tinyint(1) UNSIGNED NOT NULL DEFAULT '1',
  `AuthorID` int(11) NOT NULL DEFAULT '0',
  `PublisherID` int(11) NOT NULL DEFAULT '0',
  `ClassName` enum('DNADesign\\Elemental\\Models\\ElementalArea') CHARACTER SET utf8mb4 COLLATE utf8mb4_unicode_ci DEFAULT 'DNADesign\\Elemental\\Models\\ElementalArea',
  `LastEdited` datetime DEFAULT NULL,
  `Created` datetime DEFAULT NULL,
  `OwnerClassName` varchar(255) CHARACTER SET utf8mb4 COLLATE utf8mb4_unicode_ci DEFAULT NULL,
  PRIMARY KEY (`ID`),
  KEY `RecordID_Version` (`RecordID`,`Version`),
  KEY `RecordID` (`RecordID`),
  KEY `Version` (`Version`),
  KEY `AuthorID` (`AuthorID`),
  KEY `PublisherID` (`PublisherID`),
  KEY `ClassName` (`ClassName`)
) ENGINE=InnoDB AUTO_INCREMENT=5 DEFAULT CHARSET=latin1;

--
-- Dumping data for table `elementalarea_versions`
--

INSERT INTO `elementalarea_versions` (`ID`, `RecordID`, `Version`, `WasPublished`, `WasDeleted`, `WasDraft`, `AuthorID`, `PublisherID`, `ClassName`, `LastEdited`, `Created`, `OwnerClassName`) VALUES
(1, 1, 1, 0, 0, 1, 1, 0, 'DNADesign\\Elemental\\Models\\ElementalArea', '2021-04-04 12:11:33', '2021-04-04 12:11:33', 'Page'),
(2, 2, 1, 0, 0, 1, 1, 0, 'DNADesign\\Elemental\\Models\\ElementalArea', '2021-04-04 12:11:34', '2021-04-04 12:11:34', 'SilverStripe\\ErrorPage\\ErrorPage'),
(3, 3, 1, 0, 0, 1, 1, 0, 'DNADesign\\Elemental\\Models\\ElementalArea', '2021-04-04 12:11:34', '2021-04-04 12:11:34', 'SilverStripe\\ErrorPage\\ErrorPage'),
(4, 4, 1, 0, 0, 1, 1, 0, 'DNADesign\\Elemental\\Models\\ElementalArea', '2021-04-04 12:11:34', '2021-04-04 12:11:34', 'HomePage');

-- --------------------------------------------------------

--
-- Table structure for table `elementcontent`
--

DROP TABLE IF EXISTS `elementcontent`;
CREATE TABLE IF NOT EXISTS `elementcontent` (
  `ID` int(11) NOT NULL AUTO_INCREMENT,
  `HTML` mediumtext CHARACTER SET utf8mb4 COLLATE utf8mb4_unicode_ci,
  PRIMARY KEY (`ID`)
) ENGINE=InnoDB DEFAULT CHARSET=latin1;

-- --------------------------------------------------------

--
-- Table structure for table `elementcontent_live`
--

DROP TABLE IF EXISTS `elementcontent_live`;
CREATE TABLE IF NOT EXISTS `elementcontent_live` (
  `ID` int(11) NOT NULL AUTO_INCREMENT,
  `HTML` mediumtext CHARACTER SET utf8mb4 COLLATE utf8mb4_unicode_ci,
  PRIMARY KEY (`ID`)
) ENGINE=InnoDB DEFAULT CHARSET=latin1;

-- --------------------------------------------------------

--
-- Table structure for table `elementcontent_versions`
--

DROP TABLE IF EXISTS `elementcontent_versions`;
CREATE TABLE IF NOT EXISTS `elementcontent_versions` (
  `ID` int(11) NOT NULL AUTO_INCREMENT,
  `RecordID` int(11) NOT NULL DEFAULT '0',
  `Version` int(11) NOT NULL DEFAULT '0',
  `HTML` mediumtext CHARACTER SET utf8mb4 COLLATE utf8mb4_unicode_ci,
  PRIMARY KEY (`ID`),
  UNIQUE KEY `RecordID_Version` (`RecordID`,`Version`),
  KEY `RecordID` (`RecordID`),
  KEY `Version` (`Version`)
) ENGINE=InnoDB DEFAULT CHARSET=latin1;

-- --------------------------------------------------------

--
-- Table structure for table `element_live`
--

DROP TABLE IF EXISTS `element_live`;
CREATE TABLE IF NOT EXISTS `element_live` (
  `ID` int(11) NOT NULL AUTO_INCREMENT,
  `ClassName` enum('DNADesign\\Elemental\\Models\\BaseElement','DNADesign\\Elemental\\Models\\ElementContent') CHARACTER SET utf8mb4 COLLATE utf8mb4_unicode_ci DEFAULT 'DNADesign\\Elemental\\Models\\BaseElement',
  `LastEdited` datetime DEFAULT NULL,
  `Created` datetime DEFAULT NULL,
  `Version` int(11) NOT NULL DEFAULT '0',
  `Title` varchar(255) CHARACTER SET utf8mb4 COLLATE utf8mb4_unicode_ci DEFAULT NULL,
  `ShowTitle` tinyint(1) UNSIGNED NOT NULL DEFAULT '0',
  `Sort` int(11) NOT NULL DEFAULT '0',
  `ExtraClass` varchar(255) CHARACTER SET utf8mb4 COLLATE utf8mb4_unicode_ci DEFAULT NULL,
  `Style` varchar(255) CHARACTER SET utf8mb4 COLLATE utf8mb4_unicode_ci DEFAULT NULL,
  `ParentID` int(11) NOT NULL DEFAULT '0',
  PRIMARY KEY (`ID`),
  KEY `Sort` (`Sort`),
  KEY `ClassName` (`ClassName`),
  KEY `ParentID` (`ParentID`)
) ENGINE=InnoDB DEFAULT CHARSET=latin1;

-- --------------------------------------------------------

--
-- Table structure for table `element_versions`
--

DROP TABLE IF EXISTS `element_versions`;
CREATE TABLE IF NOT EXISTS `element_versions` (
  `ID` int(11) NOT NULL AUTO_INCREMENT,
  `RecordID` int(11) NOT NULL DEFAULT '0',
  `Version` int(11) NOT NULL DEFAULT '0',
  `WasPublished` tinyint(1) UNSIGNED NOT NULL DEFAULT '0',
  `WasDeleted` tinyint(1) UNSIGNED NOT NULL DEFAULT '0',
  `WasDraft` tinyint(1) UNSIGNED NOT NULL DEFAULT '1',
  `AuthorID` int(11) NOT NULL DEFAULT '0',
  `PublisherID` int(11) NOT NULL DEFAULT '0',
  `ClassName` enum('DNADesign\\Elemental\\Models\\BaseElement','DNADesign\\Elemental\\Models\\ElementContent') CHARACTER SET utf8mb4 COLLATE utf8mb4_unicode_ci DEFAULT 'DNADesign\\Elemental\\Models\\BaseElement',
  `LastEdited` datetime DEFAULT NULL,
  `Created` datetime DEFAULT NULL,
  `Title` varchar(255) CHARACTER SET utf8mb4 COLLATE utf8mb4_unicode_ci DEFAULT NULL,
  `ShowTitle` tinyint(1) UNSIGNED NOT NULL DEFAULT '0',
  `Sort` int(11) NOT NULL DEFAULT '0',
  `ExtraClass` varchar(255) CHARACTER SET utf8mb4 COLLATE utf8mb4_unicode_ci DEFAULT NULL,
  `Style` varchar(255) CHARACTER SET utf8mb4 COLLATE utf8mb4_unicode_ci DEFAULT NULL,
  `ParentID` int(11) NOT NULL DEFAULT '0',
  PRIMARY KEY (`ID`),
  KEY `RecordID_Version` (`RecordID`,`Version`),
  KEY `RecordID` (`RecordID`),
  KEY `Version` (`Version`),
  KEY `AuthorID` (`AuthorID`),
  KEY `PublisherID` (`PublisherID`),
  KEY `Sort` (`Sort`),
  KEY `ClassName` (`ClassName`),
  KEY `ParentID` (`ParentID`)
) ENGINE=InnoDB DEFAULT CHARSET=latin1;

-- --------------------------------------------------------

--
-- Table structure for table `errorpage`
--

DROP TABLE IF EXISTS `errorpage`;
CREATE TABLE IF NOT EXISTS `errorpage` (
  `ID` int(11) NOT NULL AUTO_INCREMENT,
  `ErrorCode` int(11) NOT NULL DEFAULT '0',
  PRIMARY KEY (`ID`)
) ENGINE=InnoDB AUTO_INCREMENT=6 DEFAULT CHARSET=latin1;

--
-- Dumping data for table `errorpage`
--

INSERT INTO `errorpage` (`ID`, `ErrorCode`) VALUES
(4, 404),
(5, 500);

-- --------------------------------------------------------

--
-- Table structure for table `errorpage_live`
--

DROP TABLE IF EXISTS `errorpage_live`;
CREATE TABLE IF NOT EXISTS `errorpage_live` (
  `ID` int(11) NOT NULL AUTO_INCREMENT,
  `ErrorCode` int(11) NOT NULL DEFAULT '0',
  PRIMARY KEY (`ID`)
) ENGINE=InnoDB AUTO_INCREMENT=6 DEFAULT CHARSET=latin1;

--
-- Dumping data for table `errorpage_live`
--

INSERT INTO `errorpage_live` (`ID`, `ErrorCode`) VALUES
(4, 404),
(5, 500);

-- --------------------------------------------------------

--
-- Table structure for table `errorpage_versions`
--

DROP TABLE IF EXISTS `errorpage_versions`;
CREATE TABLE IF NOT EXISTS `errorpage_versions` (
  `ID` int(11) NOT NULL AUTO_INCREMENT,
  `RecordID` int(11) NOT NULL DEFAULT '0',
  `Version` int(11) NOT NULL DEFAULT '0',
  `ErrorCode` int(11) NOT NULL DEFAULT '0',
  PRIMARY KEY (`ID`),
  UNIQUE KEY `RecordID_Version` (`RecordID`,`Version`),
  KEY `RecordID` (`RecordID`),
  KEY `Version` (`Version`)
) ENGINE=InnoDB AUTO_INCREMENT=11 DEFAULT CHARSET=latin1;

--
-- Dumping data for table `errorpage_versions`
--

INSERT INTO `errorpage_versions` (`ID`, `RecordID`, `Version`, `ErrorCode`) VALUES
(1, 4, 1, 404),
(2, 4, 2, 404),
(3, 5, 1, 500),
(4, 5, 2, 500),
(5, 4, 3, 404),
(6, 5, 3, 500),
(7, 4, 4, 404),
(8, 5, 4, 500),
(9, 5, 5, 500),
(10, 5, 6, 500);

-- --------------------------------------------------------

--
-- Table structure for table `file`
--

DROP TABLE IF EXISTS `file`;
CREATE TABLE IF NOT EXISTS `file` (
  `ID` int(11) NOT NULL AUTO_INCREMENT,
  `ClassName` enum('SilverStripe\\Assets\\File','SilverStripe\\Assets\\Folder','SilverStripe\\Assets\\Image') CHARACTER SET utf8mb4 COLLATE utf8mb4_unicode_ci DEFAULT 'SilverStripe\\Assets\\File',
  `LastEdited` datetime DEFAULT NULL,
  `Created` datetime DEFAULT NULL,
  `Version` int(11) NOT NULL DEFAULT '0',
  `CanViewType` enum('Anyone','LoggedInUsers','OnlyTheseUsers','Inherit') CHARACTER SET utf8mb4 COLLATE utf8mb4_unicode_ci DEFAULT 'Inherit',
  `CanEditType` enum('LoggedInUsers','OnlyTheseUsers','Inherit') CHARACTER SET utf8mb4 COLLATE utf8mb4_unicode_ci DEFAULT 'Inherit',
  `Name` varchar(255) CHARACTER SET utf8mb4 COLLATE utf8mb4_unicode_ci DEFAULT NULL,
  `Title` varchar(255) CHARACTER SET utf8mb4 COLLATE utf8mb4_unicode_ci DEFAULT NULL,
  `ShowInSearch` tinyint(1) UNSIGNED NOT NULL DEFAULT '1',
  `ParentID` int(11) NOT NULL DEFAULT '0',
  `OwnerID` int(11) NOT NULL DEFAULT '0',
  `FileHash` varchar(255) CHARACTER SET utf8mb4 COLLATE utf8mb4_unicode_ci DEFAULT NULL,
  `FileFilename` varchar(255) CHARACTER SET utf8mb4 COLLATE utf8mb4_unicode_ci DEFAULT NULL,
  `FileVariant` varchar(255) CHARACTER SET utf8mb4 COLLATE utf8mb4_unicode_ci DEFAULT NULL,
  PRIMARY KEY (`ID`),
  KEY `Name` (`Name`),
  KEY `ClassName` (`ClassName`),
  KEY `ParentID` (`ParentID`),
  KEY `OwnerID` (`OwnerID`),
  KEY `FileHash` (`FileHash`)
) ENGINE=InnoDB AUTO_INCREMENT=14 DEFAULT CHARSET=latin1;

--
-- Dumping data for table `file`
--

INSERT INTO `file` (`ID`, `ClassName`, `LastEdited`, `Created`, `Version`, `CanViewType`, `CanEditType`, `Name`, `Title`, `ShowInSearch`, `ParentID`, `OwnerID`, `FileHash`, `FileFilename`, `FileVariant`) VALUES
(1, 'SilverStripe\\Assets\\Folder', '2021-04-04 21:07:21', '2021-04-04 21:07:21', 2, 'Inherit', 'Inherit', 'Uploads', 'Uploads', 1, 0, 1, NULL, NULL, NULL),
(2, 'SilverStripe\\Assets\\Image', '2021-04-04 21:08:55', '2021-04-04 21:08:08', 3, 'Inherit', 'Inherit', 'AdobeStock_111453587_Preview.png', 'AdobeStock 111453587 Preview', 1, 1, 1, '098cfe06c4d809a4964f0713955ba96f8086a8c2', 'Uploads/AdobeStock_111453587_Preview.png', NULL),
(3, 'SilverStripe\\Assets\\Image', '2021-04-05 02:32:30', '2021-04-04 21:15:07', 5, 'Inherit', 'Inherit', 'logo.png', 'logo', 1, 1, 1, 'e226d8feb6bb5f637cff4d0e62f6545c52aa6302', 'Uploads/logo.png', NULL),
(4, 'SilverStripe\\Assets\\Image', '2021-04-04 21:23:09', '2021-04-04 21:15:20', 2, 'Inherit', 'Inherit', 'Mockup3.png', 'Mockup3', 1, 1, 1, 'c2ffb68002edbcd7499b9fbae0190cc38793e3ca', 'Uploads/Mockup3.png', NULL),
(5, 'SilverStripe\\Assets\\Image', '2021-04-05 02:31:26', '2021-04-05 02:31:26', 1, 'Inherit', 'Inherit', 'Fill-6-v2.png', 'Fill 6 v2', 1, 1, 1, 'e226d8feb6bb5f637cff4d0e62f6545c52aa6302', 'Uploads/Fill-6-v2.png', NULL),
(6, 'SilverStripe\\Assets\\Image', '2021-04-05 03:42:02', '2021-04-05 03:38:56', 2, 'Inherit', 'Inherit', 'fb.png', 'fb', 1, 1, 1, '6dfe5320622d5dbf0ec602b541d0c4e2d001abb8', 'Uploads/fb.png', NULL),
(7, 'SilverStripe\\Assets\\Image', '2021-04-05 03:42:06', '2021-04-05 03:39:46', 2, 'Inherit', 'Inherit', 'ss.png', 'ss', 1, 1, 1, 'e94177097d666b2775fa0fabf2cb9c4965079b39', 'Uploads/ss.png', NULL),
(8, 'SilverStripe\\Assets\\Image', '2021-04-05 03:42:04', '2021-04-05 03:40:40', 2, 'Inherit', 'Inherit', 'in.png', 'in', 1, 1, 1, '0df313f11f68bbb3eb824eb0238df5e470ea7544', 'Uploads/in.png', NULL),
(9, 'SilverStripe\\Assets\\Image', '2021-04-05 03:42:05', '2021-04-05 03:41:17', 2, 'Inherit', 'Inherit', 'location.png', 'location', 1, 1, 1, '1f7a49724f7ace139ab7642553ce054e56e81ac7', 'Uploads/location.png', NULL),
(10, 'SilverStripe\\Assets\\Image', '2021-04-06 11:48:31', '2021-04-06 11:46:29', 5, 'Inherit', 'Inherit', 'Mockup2.png', 'Mockup2', 1, 1, 1, 'b0d508d91893a747bc1ec9cc5d65f0dbaf7529cc', 'Uploads/Mockup2.png', NULL),
(11, 'SilverStripe\\Assets\\Image', '2021-04-06 11:48:17', '2021-04-06 11:48:15', 2, 'Inherit', 'Inherit', 'Mockup1.png', 'Mockup1', 1, 1, 1, '863369f5c2122f5ad6038d05db0f4cf5ce259a26', 'Uploads/Mockup1.png', NULL),
(12, 'SilverStripe\\Assets\\Image', '2021-04-07 09:58:19', '2021-04-07 09:43:04', 3, 'Inherit', 'Inherit', 'mac.png', 'mac', 1, 1, 1, '72e8977d6a86cd21cb5c49b011d37b85bc035353', 'Uploads/mac.png', NULL);

-- --------------------------------------------------------

--
-- Table structure for table `filelink`
--

DROP TABLE IF EXISTS `filelink`;
CREATE TABLE IF NOT EXISTS `filelink` (
  `ID` int(11) NOT NULL AUTO_INCREMENT,
  `ClassName` enum('SilverStripe\\Assets\\Shortcodes\\FileLink') CHARACTER SET utf8mb4 COLLATE utf8mb4_unicode_ci DEFAULT 'SilverStripe\\Assets\\Shortcodes\\FileLink',
  `LastEdited` datetime DEFAULT NULL,
  `Created` datetime DEFAULT NULL,
  `LinkedID` int(11) NOT NULL DEFAULT '0',
  `ParentID` int(11) NOT NULL DEFAULT '0',
  `ParentClass` enum('ContactFormSubmission','ImageContentBlock','SocialLinksFooter','SilverStripe\\Assets\\File','SilverStripe\\SiteConfig\\SiteConfig','SilverStripe\\Versioned\\ChangeSet','SilverStripe\\Versioned\\ChangeSetItem','DNADesign\\Elemental\\Models\\BaseElement','DNADesign\\Elemental\\Models\\ElementalArea','SilverStripe\\Assets\\Shortcodes\\FileLink','SilverStripe\\CMS\\Model\\SiteTree','SilverStripe\\CMS\\Model\\SiteTreeLink','SilverStripe\\Security\\Group','SilverStripe\\Security\\LoginAttempt','SilverStripe\\Security\\Member','SilverStripe\\Security\\MemberPassword','SilverStripe\\Security\\Permission','SilverStripe\\Security\\PermissionRole','SilverStripe\\Security\\PermissionRoleCode','SilverStripe\\Security\\RememberLoginHash','SilverStripe\\Assets\\Folder','SilverStripe\\Assets\\Image','DNADesign\\Elemental\\Models\\ElementContent','Page','HomePage','SilverStripe\\ErrorPage\\ErrorPage','SilverStripe\\CMS\\Model\\RedirectorPage','SilverStripe\\CMS\\Model\\VirtualPage') CHARACTER SET utf8mb4 COLLATE utf8mb4_unicode_ci DEFAULT 'ContactFormSubmission',
  PRIMARY KEY (`ID`),
  KEY `ClassName` (`ClassName`),
  KEY `LinkedID` (`LinkedID`),
  KEY `Parent` (`ParentID`,`ParentClass`)
) ENGINE=InnoDB DEFAULT CHARSET=latin1;

-- --------------------------------------------------------

--
-- Table structure for table `file_editorgroups`
--

DROP TABLE IF EXISTS `file_editorgroups`;
CREATE TABLE IF NOT EXISTS `file_editorgroups` (
  `ID` int(11) NOT NULL AUTO_INCREMENT,
  `FileID` int(11) NOT NULL DEFAULT '0',
  `GroupID` int(11) NOT NULL DEFAULT '0',
  PRIMARY KEY (`ID`),
  KEY `FileID` (`FileID`),
  KEY `GroupID` (`GroupID`)
) ENGINE=InnoDB DEFAULT CHARSET=latin1;

-- --------------------------------------------------------

--
-- Table structure for table `file_live`
--

DROP TABLE IF EXISTS `file_live`;
CREATE TABLE IF NOT EXISTS `file_live` (
  `ID` int(11) NOT NULL AUTO_INCREMENT,
  `ClassName` enum('SilverStripe\\Assets\\File','SilverStripe\\Assets\\Folder','SilverStripe\\Assets\\Image') CHARACTER SET utf8mb4 COLLATE utf8mb4_unicode_ci DEFAULT 'SilverStripe\\Assets\\File',
  `LastEdited` datetime DEFAULT NULL,
  `Created` datetime DEFAULT NULL,
  `Version` int(11) NOT NULL DEFAULT '0',
  `CanViewType` enum('Anyone','LoggedInUsers','OnlyTheseUsers','Inherit') CHARACTER SET utf8mb4 COLLATE utf8mb4_unicode_ci DEFAULT 'Inherit',
  `CanEditType` enum('LoggedInUsers','OnlyTheseUsers','Inherit') CHARACTER SET utf8mb4 COLLATE utf8mb4_unicode_ci DEFAULT 'Inherit',
  `Name` varchar(255) CHARACTER SET utf8mb4 COLLATE utf8mb4_unicode_ci DEFAULT NULL,
  `Title` varchar(255) CHARACTER SET utf8mb4 COLLATE utf8mb4_unicode_ci DEFAULT NULL,
  `ShowInSearch` tinyint(1) UNSIGNED NOT NULL DEFAULT '1',
  `ParentID` int(11) NOT NULL DEFAULT '0',
  `OwnerID` int(11) NOT NULL DEFAULT '0',
  `FileHash` varchar(255) CHARACTER SET utf8mb4 COLLATE utf8mb4_unicode_ci DEFAULT NULL,
  `FileFilename` varchar(255) CHARACTER SET utf8mb4 COLLATE utf8mb4_unicode_ci DEFAULT NULL,
  `FileVariant` varchar(255) CHARACTER SET utf8mb4 COLLATE utf8mb4_unicode_ci DEFAULT NULL,
  PRIMARY KEY (`ID`),
  KEY `Name` (`Name`),
  KEY `ClassName` (`ClassName`),
  KEY `ParentID` (`ParentID`),
  KEY `OwnerID` (`OwnerID`),
  KEY `FileHash` (`FileHash`)
) ENGINE=InnoDB AUTO_INCREMENT=13 DEFAULT CHARSET=latin1;

--
-- Dumping data for table `file_live`
--

INSERT INTO `file_live` (`ID`, `ClassName`, `LastEdited`, `Created`, `Version`, `CanViewType`, `CanEditType`, `Name`, `Title`, `ShowInSearch`, `ParentID`, `OwnerID`, `FileHash`, `FileFilename`, `FileVariant`) VALUES
(1, 'SilverStripe\\Assets\\Folder', '2021-04-04 21:07:21', '2021-04-04 21:07:21', 2, 'Inherit', 'Inherit', 'Uploads', 'Uploads', 1, 0, 1, NULL, NULL, NULL),
(2, 'SilverStripe\\Assets\\Image', '2021-04-04 21:08:55', '2021-04-04 21:08:08', 3, 'Inherit', 'Inherit', 'AdobeStock_111453587_Preview.png', 'AdobeStock 111453587 Preview', 1, 1, 1, '098cfe06c4d809a4964f0713955ba96f8086a8c2', 'Uploads/AdobeStock_111453587_Preview.png', NULL),
(3, 'SilverStripe\\Assets\\Image', '2021-04-05 02:32:30', '2021-04-04 21:15:07', 5, 'Inherit', 'Inherit', 'logo.png', 'logo', 1, 1, 1, 'e226d8feb6bb5f637cff4d0e62f6545c52aa6302', 'Uploads/logo.png', NULL),
(4, 'SilverStripe\\Assets\\Image', '2021-04-04 21:23:09', '2021-04-04 21:15:20', 2, 'Inherit', 'Inherit', 'Mockup3.png', 'Mockup3', 1, 1, 1, 'c2ffb68002edbcd7499b9fbae0190cc38793e3ca', 'Uploads/Mockup3.png', NULL),
(6, 'SilverStripe\\Assets\\Image', '2021-04-05 03:42:02', '2021-04-05 03:38:56', 2, 'Inherit', 'Inherit', 'fb.png', 'fb', 1, 1, 1, '6dfe5320622d5dbf0ec602b541d0c4e2d001abb8', 'Uploads/fb.png', NULL),
(7, 'SilverStripe\\Assets\\Image', '2021-04-05 03:42:06', '2021-04-05 03:39:46', 2, 'Inherit', 'Inherit', 'ss.png', 'ss', 1, 1, 1, 'e94177097d666b2775fa0fabf2cb9c4965079b39', 'Uploads/ss.png', NULL),
(8, 'SilverStripe\\Assets\\Image', '2021-04-05 03:42:04', '2021-04-05 03:40:40', 2, 'Inherit', 'Inherit', 'in.png', 'in', 1, 1, 1, '0df313f11f68bbb3eb824eb0238df5e470ea7544', 'Uploads/in.png', NULL),
(9, 'SilverStripe\\Assets\\Image', '2021-04-05 03:42:05', '2021-04-05 03:41:17', 2, 'Inherit', 'Inherit', 'location.png', 'location', 1, 1, 1, '1f7a49724f7ace139ab7642553ce054e56e81ac7', 'Uploads/location.png', NULL),
(10, 'SilverStripe\\Assets\\Image', '2021-04-06 11:48:31', '2021-04-06 11:46:29', 5, 'Inherit', 'Inherit', 'Mockup2.png', 'Mockup2', 1, 1, 1, 'b0d508d91893a747bc1ec9cc5d65f0dbaf7529cc', 'Uploads/Mockup2.png', NULL),
(11, 'SilverStripe\\Assets\\Image', '2021-04-06 11:48:17', '2021-04-06 11:48:15', 2, 'Inherit', 'Inherit', 'Mockup1.png', 'Mockup1', 1, 1, 1, '863369f5c2122f5ad6038d05db0f4cf5ce259a26', 'Uploads/Mockup1.png', NULL),
(12, 'SilverStripe\\Assets\\Image', '2021-04-07 09:58:19', '2021-04-07 09:43:04', 3, 'Inherit', 'Inherit', 'mac.png', 'mac', 1, 1, 1, '72e8977d6a86cd21cb5c49b011d37b85bc035353', 'Uploads/mac.png', NULL);

-- --------------------------------------------------------

--
-- Table structure for table `file_versions`
--

DROP TABLE IF EXISTS `file_versions`;
CREATE TABLE IF NOT EXISTS `file_versions` (
  `ID` int(11) NOT NULL AUTO_INCREMENT,
  `RecordID` int(11) NOT NULL DEFAULT '0',
  `Version` int(11) NOT NULL DEFAULT '0',
  `WasPublished` tinyint(1) UNSIGNED NOT NULL DEFAULT '0',
  `WasDeleted` tinyint(1) UNSIGNED NOT NULL DEFAULT '0',
  `WasDraft` tinyint(1) UNSIGNED NOT NULL DEFAULT '1',
  `AuthorID` int(11) NOT NULL DEFAULT '0',
  `PublisherID` int(11) NOT NULL DEFAULT '0',
  `ClassName` enum('SilverStripe\\Assets\\File','SilverStripe\\Assets\\Folder','SilverStripe\\Assets\\Image') CHARACTER SET utf8mb4 COLLATE utf8mb4_unicode_ci DEFAULT 'SilverStripe\\Assets\\File',
  `LastEdited` datetime DEFAULT NULL,
  `Created` datetime DEFAULT NULL,
  `CanViewType` enum('Anyone','LoggedInUsers','OnlyTheseUsers','Inherit') CHARACTER SET utf8mb4 COLLATE utf8mb4_unicode_ci DEFAULT 'Inherit',
  `CanEditType` enum('LoggedInUsers','OnlyTheseUsers','Inherit') CHARACTER SET utf8mb4 COLLATE utf8mb4_unicode_ci DEFAULT 'Inherit',
  `Name` varchar(255) CHARACTER SET utf8mb4 COLLATE utf8mb4_unicode_ci DEFAULT NULL,
  `Title` varchar(255) CHARACTER SET utf8mb4 COLLATE utf8mb4_unicode_ci DEFAULT NULL,
  `ShowInSearch` tinyint(1) UNSIGNED NOT NULL DEFAULT '1',
  `ParentID` int(11) NOT NULL DEFAULT '0',
  `OwnerID` int(11) NOT NULL DEFAULT '0',
  `FileHash` varchar(255) CHARACTER SET utf8mb4 COLLATE utf8mb4_unicode_ci DEFAULT NULL,
  `FileFilename` varchar(255) CHARACTER SET utf8mb4 COLLATE utf8mb4_unicode_ci DEFAULT NULL,
  `FileVariant` varchar(255) CHARACTER SET utf8mb4 COLLATE utf8mb4_unicode_ci DEFAULT NULL,
  PRIMARY KEY (`ID`),
  KEY `RecordID_Version` (`RecordID`,`Version`),
  KEY `RecordID` (`RecordID`),
  KEY `Version` (`Version`),
  KEY `AuthorID` (`AuthorID`),
  KEY `PublisherID` (`PublisherID`),
  KEY `Name` (`Name`),
  KEY `ClassName` (`ClassName`),
  KEY `ParentID` (`ParentID`),
  KEY `OwnerID` (`OwnerID`),
  KEY `FileHash` (`FileHash`)
) ENGINE=InnoDB AUTO_INCREMENT=34 DEFAULT CHARSET=latin1;

--
-- Dumping data for table `file_versions`
--

INSERT INTO `file_versions` (`ID`, `RecordID`, `Version`, `WasPublished`, `WasDeleted`, `WasDraft`, `AuthorID`, `PublisherID`, `ClassName`, `LastEdited`, `Created`, `CanViewType`, `CanEditType`, `Name`, `Title`, `ShowInSearch`, `ParentID`, `OwnerID`, `FileHash`, `FileFilename`, `FileVariant`) VALUES
(1, 1, 1, 0, 0, 1, 1, 0, 'SilverStripe\\Assets\\Folder', '2021-04-04 21:07:21', '2021-04-04 21:07:21', 'Inherit', 'Inherit', 'Uploads', 'Uploads', 1, 0, 1, NULL, NULL, NULL),
(2, 1, 2, 1, 0, 1, 1, 1, 'SilverStripe\\Assets\\Folder', '2021-04-04 21:07:21', '2021-04-04 21:07:21', 'Inherit', 'Inherit', 'Uploads', 'Uploads', 1, 0, 1, NULL, NULL, NULL),
(3, 2, 1, 0, 0, 1, 1, 0, 'SilverStripe\\Assets\\Image', '2021-04-04 21:08:08', '2021-04-04 21:08:08', 'Inherit', 'Inherit', 'AdobeStock_111453587_Preview.png', 'AdobeStock 111453587 Preview', 1, 1, 1, '098cfe06c4d809a4964f0713955ba96f8086a8c2', 'Uploads/AdobeStock_111453587_Preview.png', NULL),
(4, 2, 2, 0, 0, 1, 1, 0, 'SilverStripe\\Assets\\Image', '2021-04-04 21:08:55', '2021-04-04 21:08:08', 'Inherit', 'Inherit', 'AdobeStock_111453587_Preview.png', 'AdobeStock 111453587 Preview', 1, 1, 1, '098cfe06c4d809a4964f0713955ba96f8086a8c2', 'Uploads/AdobeStock_111453587_Preview.png', NULL),
(5, 2, 3, 1, 0, 1, 1, 1, 'SilverStripe\\Assets\\Image', '2021-04-04 21:08:55', '2021-04-04 21:08:08', 'Inherit', 'Inherit', 'AdobeStock_111453587_Preview.png', 'AdobeStock 111453587 Preview', 1, 1, 1, '098cfe06c4d809a4964f0713955ba96f8086a8c2', 'Uploads/AdobeStock_111453587_Preview.png', NULL),
(6, 3, 1, 0, 0, 1, 1, 0, 'SilverStripe\\Assets\\Image', '2021-04-04 21:15:07', '2021-04-04 21:15:07', 'Inherit', 'Inherit', 'Fill-6.png', 'Fill 6', 1, 1, 1, 'e226d8feb6bb5f637cff4d0e62f6545c52aa6302', 'Uploads/Fill-6.png', NULL),
(7, 4, 1, 0, 0, 1, 1, 0, 'SilverStripe\\Assets\\Image', '2021-04-04 21:15:20', '2021-04-04 21:15:20', 'Inherit', 'Inherit', 'Mockup3.png', 'Mockup3', 1, 1, 1, 'c2ffb68002edbcd7499b9fbae0190cc38793e3ca', 'Uploads/Mockup3.png', NULL),
(8, 3, 2, 1, 0, 1, 1, 1, 'SilverStripe\\Assets\\Image', '2021-04-04 21:23:08', '2021-04-04 21:15:07', 'Inherit', 'Inherit', 'Fill-6.png', 'Fill 6', 1, 1, 1, 'e226d8feb6bb5f637cff4d0e62f6545c52aa6302', 'Uploads/Fill-6.png', NULL),
(9, 4, 2, 1, 0, 1, 1, 1, 'SilverStripe\\Assets\\Image', '2021-04-04 21:23:09', '2021-04-04 21:15:20', 'Inherit', 'Inherit', 'Mockup3.png', 'Mockup3', 1, 1, 1, 'c2ffb68002edbcd7499b9fbae0190cc38793e3ca', 'Uploads/Mockup3.png', NULL),
(10, 5, 1, 0, 0, 1, 1, 0, 'SilverStripe\\Assets\\Image', '2021-04-05 02:31:26', '2021-04-05 02:31:26', 'Inherit', 'Inherit', 'Fill-6-v2.png', 'Fill 6 v2', 1, 1, 1, 'e226d8feb6bb5f637cff4d0e62f6545c52aa6302', 'Uploads/Fill-6-v2.png', NULL),
(11, 3, 3, 0, 0, 1, 1, 0, 'SilverStripe\\Assets\\Image', '2021-04-05 02:32:24', '2021-04-04 21:15:07', 'Inherit', 'Inherit', 'logo.png', 'logo', 1, 1, 1, 'e226d8feb6bb5f637cff4d0e62f6545c52aa6302', 'Uploads/logo.png', NULL),
(12, 3, 4, 0, 0, 1, 1, 0, 'SilverStripe\\Assets\\Image', '2021-04-05 02:32:30', '2021-04-04 21:15:07', 'Inherit', 'Inherit', 'logo.png', 'logo', 1, 1, 1, 'e226d8feb6bb5f637cff4d0e62f6545c52aa6302', 'Uploads/logo.png', NULL),
(13, 3, 5, 1, 0, 1, 1, 1, 'SilverStripe\\Assets\\Image', '2021-04-05 02:32:30', '2021-04-04 21:15:07', 'Inherit', 'Inherit', 'logo.png', 'logo', 1, 1, 1, 'e226d8feb6bb5f637cff4d0e62f6545c52aa6302', 'Uploads/logo.png', NULL),
(14, 6, 1, 0, 0, 1, 1, 0, 'SilverStripe\\Assets\\Image', '2021-04-05 03:38:56', '2021-04-05 03:38:56', 'Inherit', 'Inherit', 'fb.png', 'fb', 1, 1, 1, '6dfe5320622d5dbf0ec602b541d0c4e2d001abb8', 'Uploads/fb.png', NULL),
(15, 7, 1, 0, 0, 1, 1, 0, 'SilverStripe\\Assets\\Image', '2021-04-05 03:39:46', '2021-04-05 03:39:46', 'Inherit', 'Inherit', 'ss.png', 'ss', 1, 1, 1, 'e94177097d666b2775fa0fabf2cb9c4965079b39', 'Uploads/ss.png', NULL),
(16, 8, 1, 0, 0, 1, 1, 0, 'SilverStripe\\Assets\\Image', '2021-04-05 03:40:40', '2021-04-05 03:40:40', 'Inherit', 'Inherit', 'in.png', 'in', 1, 1, 1, '0df313f11f68bbb3eb824eb0238df5e470ea7544', 'Uploads/in.png', NULL),
(17, 9, 1, 0, 0, 1, 1, 0, 'SilverStripe\\Assets\\Image', '2021-04-05 03:41:17', '2021-04-05 03:41:17', 'Inherit', 'Inherit', 'location.png', 'location', 1, 1, 1, '1f7a49724f7ace139ab7642553ce054e56e81ac7', 'Uploads/location.png', NULL),
(18, 6, 2, 1, 0, 1, 1, 1, 'SilverStripe\\Assets\\Image', '2021-04-05 03:42:02', '2021-04-05 03:38:56', 'Inherit', 'Inherit', 'fb.png', 'fb', 1, 1, 1, '6dfe5320622d5dbf0ec602b541d0c4e2d001abb8', 'Uploads/fb.png', NULL),
(19, 8, 2, 1, 0, 1, 1, 1, 'SilverStripe\\Assets\\Image', '2021-04-05 03:42:04', '2021-04-05 03:40:40', 'Inherit', 'Inherit', 'in.png', 'in', 1, 1, 1, '0df313f11f68bbb3eb824eb0238df5e470ea7544', 'Uploads/in.png', NULL),
(20, 9, 2, 1, 0, 1, 1, 1, 'SilverStripe\\Assets\\Image', '2021-04-05 03:42:05', '2021-04-05 03:41:17', 'Inherit', 'Inherit', 'location.png', 'location', 1, 1, 1, '1f7a49724f7ace139ab7642553ce054e56e81ac7', 'Uploads/location.png', NULL),
(21, 7, 2, 1, 0, 1, 1, 1, 'SilverStripe\\Assets\\Image', '2021-04-05 03:42:06', '2021-04-05 03:39:46', 'Inherit', 'Inherit', 'ss.png', 'ss', 1, 1, 1, 'e94177097d666b2775fa0fabf2cb9c4965079b39', 'Uploads/ss.png', NULL),
(22, 10, 1, 0, 0, 1, 1, 0, 'SilverStripe\\Assets\\Image', '2021-04-06 11:46:29', '2021-04-06 11:46:29', 'Inherit', 'Inherit', 'Mockup2.png', 'Mockup2', 1, 1, 1, 'b0d508d91893a747bc1ec9cc5d65f0dbaf7529cc', 'Uploads/Mockup2.png', NULL),
(23, 10, 2, 0, 0, 1, 1, 0, 'SilverStripe\\Assets\\Image', '2021-04-06 11:47:01', '2021-04-06 11:46:29', 'Inherit', 'Inherit', 'Mockup2.png', 'Mockup2', 1, 1, 1, 'b0d508d91893a747bc1ec9cc5d65f0dbaf7529cc', 'Uploads/Mockup2.png', NULL),
(24, 10, 3, 1, 0, 1, 1, 1, 'SilverStripe\\Assets\\Image', '2021-04-06 11:47:01', '2021-04-06 11:46:29', 'Inherit', 'Inherit', 'Mockup2.png', 'Mockup2', 1, 1, 1, 'b0d508d91893a747bc1ec9cc5d65f0dbaf7529cc', 'Uploads/Mockup2.png', NULL),
(25, 11, 1, 0, 0, 1, 1, 0, 'SilverStripe\\Assets\\Image', '2021-04-06 11:48:15', '2021-04-06 11:48:15', 'Inherit', 'Inherit', 'Mockup1.png', 'Mockup1', 1, 1, 1, '863369f5c2122f5ad6038d05db0f4cf5ce259a26', 'Uploads/Mockup1.png', NULL),
(26, 11, 2, 1, 0, 1, 1, 1, 'SilverStripe\\Assets\\Image', '2021-04-06 11:48:17', '2021-04-06 11:48:15', 'Inherit', 'Inherit', 'Mockup1.png', 'Mockup1', 1, 1, 1, '863369f5c2122f5ad6038d05db0f4cf5ce259a26', 'Uploads/Mockup1.png', NULL),
(27, 10, 4, 0, 0, 1, 1, 0, 'SilverStripe\\Assets\\Image', '2021-04-06 11:48:31', '2021-04-06 11:46:29', 'Inherit', 'Inherit', 'Mockup2.png', 'Mockup2', 1, 1, 1, 'b0d508d91893a747bc1ec9cc5d65f0dbaf7529cc', 'Uploads/Mockup2.png', NULL),
(28, 10, 5, 1, 0, 1, 1, 1, 'SilverStripe\\Assets\\Image', '2021-04-06 11:48:31', '2021-04-06 11:46:29', 'Inherit', 'Inherit', 'Mockup2.png', 'Mockup2', 1, 1, 1, 'b0d508d91893a747bc1ec9cc5d65f0dbaf7529cc', 'Uploads/Mockup2.png', NULL),
(29, 12, 1, 0, 0, 1, 1, 0, 'SilverStripe\\Assets\\Image', '2021-04-07 09:43:04', '2021-04-07 09:43:04', 'Inherit', 'Inherit', 'mac.png', 'mac', 1, 1, 1, '72e8977d6a86cd21cb5c49b011d37b85bc035353', 'Uploads/mac.png', NULL),
(30, 12, 2, 0, 0, 1, 1, 0, 'SilverStripe\\Assets\\Image', '2021-04-07 09:58:19', '2021-04-07 09:43:04', 'Inherit', 'Inherit', 'mac.png', 'mac', 1, 1, 1, '72e8977d6a86cd21cb5c49b011d37b85bc035353', 'Uploads/mac.png', NULL),
(31, 12, 3, 1, 0, 1, 1, 1, 'SilverStripe\\Assets\\Image', '2021-04-07 09:58:19', '2021-04-07 09:43:04', 'Inherit', 'Inherit', 'mac.png', 'mac', 1, 1, 1, '72e8977d6a86cd21cb5c49b011d37b85bc035353', 'Uploads/mac.png', NULL),
(32, 13, 1, 0, 0, 1, 1, 0, 'SilverStripe\\Assets\\Image', '2021-04-07 09:58:46', '2021-04-07 09:58:46', 'Inherit', 'Inherit', 'no-meet-dialog.png', 'no meet dialog', 1, 1, 1, '4912ac0a4b8fe887ffbabdf98f5f5bef28aec22f', 'Uploads/no-meet-dialog.png', NULL),
(33, 13, 2, 1, 1, 1, 1, 1, 'SilverStripe\\Assets\\Image', '2021-04-07 09:59:26', '2021-04-07 09:58:46', 'Inherit', 'Inherit', 'no-meet-dialog.png', 'no meet dialog', 1, 1, 1, '4912ac0a4b8fe887ffbabdf98f5f5bef28aec22f', 'Uploads/no-meet-dialog.png', NULL);

-- --------------------------------------------------------

--
-- Table structure for table `file_viewergroups`
--

DROP TABLE IF EXISTS `file_viewergroups`;
CREATE TABLE IF NOT EXISTS `file_viewergroups` (
  `ID` int(11) NOT NULL AUTO_INCREMENT,
  `FileID` int(11) NOT NULL DEFAULT '0',
  `GroupID` int(11) NOT NULL DEFAULT '0',
  PRIMARY KEY (`ID`),
  KEY `FileID` (`FileID`),
  KEY `GroupID` (`GroupID`)
) ENGINE=InnoDB DEFAULT CHARSET=latin1;

-- --------------------------------------------------------

--
-- Table structure for table `group`
--

DROP TABLE IF EXISTS `group`;
CREATE TABLE IF NOT EXISTS `group` (
  `ID` int(11) NOT NULL AUTO_INCREMENT,
  `ClassName` enum('SilverStripe\\Security\\Group') CHARACTER SET utf8mb4 COLLATE utf8mb4_unicode_ci DEFAULT 'SilverStripe\\Security\\Group',
  `LastEdited` datetime DEFAULT NULL,
  `Created` datetime DEFAULT NULL,
  `Title` varchar(255) CHARACTER SET utf8mb4 COLLATE utf8mb4_unicode_ci DEFAULT NULL,
  `Description` mediumtext CHARACTER SET utf8mb4 COLLATE utf8mb4_unicode_ci,
  `Code` varchar(255) CHARACTER SET utf8mb4 COLLATE utf8mb4_unicode_ci DEFAULT NULL,
  `Locked` tinyint(1) UNSIGNED NOT NULL DEFAULT '0',
  `Sort` int(11) NOT NULL DEFAULT '0',
  `HtmlEditorConfig` mediumtext CHARACTER SET utf8mb4 COLLATE utf8mb4_unicode_ci,
  `ParentID` int(11) NOT NULL DEFAULT '0',
  PRIMARY KEY (`ID`),
  KEY `ClassName` (`ClassName`),
  KEY `ParentID` (`ParentID`)
) ENGINE=InnoDB AUTO_INCREMENT=3 DEFAULT CHARSET=latin1;

--
-- Dumping data for table `group`
--

INSERT INTO `group` (`ID`, `ClassName`, `LastEdited`, `Created`, `Title`, `Description`, `Code`, `Locked`, `Sort`, `HtmlEditorConfig`, `ParentID`) VALUES
(1, 'SilverStripe\\Security\\Group', '2021-04-03 21:49:23', '2021-04-03 21:49:23', 'Content Authors', NULL, 'content-authors', 0, 1, NULL, 0),
(2, 'SilverStripe\\Security\\Group', '2021-04-03 21:49:23', '2021-04-03 21:49:23', 'Administrators', NULL, 'administrators', 0, 0, NULL, 0);

-- --------------------------------------------------------

--
-- Table structure for table `group_members`
--

DROP TABLE IF EXISTS `group_members`;
CREATE TABLE IF NOT EXISTS `group_members` (
  `ID` int(11) NOT NULL AUTO_INCREMENT,
  `GroupID` int(11) NOT NULL DEFAULT '0',
  `MemberID` int(11) NOT NULL DEFAULT '0',
  PRIMARY KEY (`ID`),
  KEY `GroupID` (`GroupID`),
  KEY `MemberID` (`MemberID`)
) ENGINE=InnoDB AUTO_INCREMENT=2 DEFAULT CHARSET=latin1;

--
-- Dumping data for table `group_members`
--

INSERT INTO `group_members` (`ID`, `GroupID`, `MemberID`) VALUES
(1, 2, 1);

-- --------------------------------------------------------

--
-- Table structure for table `group_roles`
--

DROP TABLE IF EXISTS `group_roles`;
CREATE TABLE IF NOT EXISTS `group_roles` (
  `ID` int(11) NOT NULL AUTO_INCREMENT,
  `GroupID` int(11) NOT NULL DEFAULT '0',
  `PermissionRoleID` int(11) NOT NULL DEFAULT '0',
  PRIMARY KEY (`ID`),
  KEY `GroupID` (`GroupID`),
  KEY `PermissionRoleID` (`PermissionRoleID`)
) ENGINE=InnoDB DEFAULT CHARSET=latin1;

-- --------------------------------------------------------

--
-- Table structure for table `homepage`
--

DROP TABLE IF EXISTS `homepage`;
CREATE TABLE IF NOT EXISTS `homepage` (
  `ID` int(11) NOT NULL AUTO_INCREMENT,
  `Title` varchar(255) CHARACTER SET utf8mb4 COLLATE utf8mb4_unicode_ci DEFAULT NULL,
  `BoldCaption` varchar(255) CHARACTER SET utf8mb4 COLLATE utf8mb4_unicode_ci DEFAULT NULL,
  `CaptionHighlight` varchar(255) CHARACTER SET utf8mb4 COLLATE utf8mb4_unicode_ci DEFAULT NULL,
  `ReverseImage` tinyint(1) UNSIGNED NOT NULL DEFAULT '0',
  `ContainerImageID` int(11) NOT NULL DEFAULT '0',
  PRIMARY KEY (`ID`),
  KEY `ContainerImageID` (`ContainerImageID`)
) ENGINE=InnoDB AUTO_INCREMENT=7 DEFAULT CHARSET=latin1;

--
-- Dumping data for table `homepage`
--

INSERT INTO `homepage` (`ID`, `Title`, `BoldCaption`, `CaptionHighlight`, `ReverseImage`, `ContainerImageID`) VALUES
(6, 'Home Page', NULL, NULL, 0, 0);

-- --------------------------------------------------------

--
-- Table structure for table `homepage_live`
--

DROP TABLE IF EXISTS `homepage_live`;
CREATE TABLE IF NOT EXISTS `homepage_live` (
  `ID` int(11) NOT NULL AUTO_INCREMENT,
  `Title` varchar(255) CHARACTER SET utf8mb4 COLLATE utf8mb4_unicode_ci DEFAULT NULL,
  `BoldCaption` varchar(255) CHARACTER SET utf8mb4 COLLATE utf8mb4_unicode_ci DEFAULT NULL,
  `CaptionHighlight` varchar(255) CHARACTER SET utf8mb4 COLLATE utf8mb4_unicode_ci DEFAULT NULL,
  `ReverseImage` tinyint(1) UNSIGNED NOT NULL DEFAULT '0',
  `ContainerImageID` int(11) NOT NULL DEFAULT '0',
  PRIMARY KEY (`ID`),
  KEY `ContainerImageID` (`ContainerImageID`)
) ENGINE=InnoDB AUTO_INCREMENT=7 DEFAULT CHARSET=latin1;

--
-- Dumping data for table `homepage_live`
--

INSERT INTO `homepage_live` (`ID`, `Title`, `BoldCaption`, `CaptionHighlight`, `ReverseImage`, `ContainerImageID`) VALUES
(6, 'Home Page', NULL, NULL, 0, 0);

-- --------------------------------------------------------

--
-- Table structure for table `homepage_versions`
--

DROP TABLE IF EXISTS `homepage_versions`;
CREATE TABLE IF NOT EXISTS `homepage_versions` (
  `ID` int(11) NOT NULL AUTO_INCREMENT,
  `RecordID` int(11) NOT NULL DEFAULT '0',
  `Version` int(11) NOT NULL DEFAULT '0',
  `Title` varchar(255) CHARACTER SET utf8mb4 COLLATE utf8mb4_unicode_ci DEFAULT NULL,
  `BoldCaption` varchar(255) CHARACTER SET utf8mb4 COLLATE utf8mb4_unicode_ci DEFAULT NULL,
  `CaptionHighlight` varchar(255) CHARACTER SET utf8mb4 COLLATE utf8mb4_unicode_ci DEFAULT NULL,
  `ReverseImage` tinyint(1) UNSIGNED NOT NULL DEFAULT '0',
  `ContainerImageID` int(11) NOT NULL DEFAULT '0',
  PRIMARY KEY (`ID`),
  UNIQUE KEY `RecordID_Version` (`RecordID`,`Version`),
  KEY `RecordID` (`RecordID`),
  KEY `Version` (`Version`),
  KEY `ContainerImageID` (`ContainerImageID`)
) ENGINE=InnoDB AUTO_INCREMENT=12 DEFAULT CHARSET=latin1;

--
-- Dumping data for table `homepage_versions`
--

INSERT INTO `homepage_versions` (`ID`, `RecordID`, `Version`, `Title`, `BoldCaption`, `CaptionHighlight`, `ReverseImage`, `ContainerImageID`) VALUES
(1, 6, 2, NULL, NULL, NULL, 0, 0),
(2, 6, 3, 'New Home Page', NULL, NULL, 0, 0),
(3, 6, 4, 'Home Page', NULL, NULL, 0, 0),
(4, 6, 5, 'Home Page', NULL, NULL, 0, 0),
(5, 6, 6, 'Home Page', NULL, NULL, 0, 0),
(6, 6, 7, 'Home Page', NULL, NULL, 0, 0),
(7, 6, 8, 'Home Page', NULL, NULL, 0, 0),
(8, 6, 9, 'Home Page', NULL, NULL, 0, 0),
(9, 6, 10, 'Home Page', NULL, NULL, 0, 0),
(10, 6, 11, 'Home Page', NULL, NULL, 0, 0),
(11, 6, 12, 'Home Page', NULL, NULL, 0, 0);

-- --------------------------------------------------------

--
-- Table structure for table `imagecontentblock`
--

DROP TABLE IF EXISTS `imagecontentblock`;
CREATE TABLE IF NOT EXISTS `imagecontentblock` (
  `ID` int(11) NOT NULL AUTO_INCREMENT,
  `ClassName` enum('ImageContentBlock') CHARACTER SET utf8mb4 COLLATE utf8mb4_unicode_ci DEFAULT 'ImageContentBlock',
  `LastEdited` datetime DEFAULT NULL,
  `Created` datetime DEFAULT NULL,
  `Title` varchar(255) CHARACTER SET utf8mb4 COLLATE utf8mb4_unicode_ci DEFAULT NULL,
  `BoldCaption` varchar(255) CHARACTER SET utf8mb4 COLLATE utf8mb4_unicode_ci DEFAULT NULL,
  `CaptionHighlight` varchar(255) CHARACTER SET utf8mb4 COLLATE utf8mb4_unicode_ci DEFAULT NULL,
  `ReverseImage` tinyint(1) UNSIGNED NOT NULL DEFAULT '0',
  `ContainerImageID` int(11) NOT NULL DEFAULT '0',
  `PageID` int(11) NOT NULL DEFAULT '0',
  `SortOrder` int(11) NOT NULL DEFAULT '0',
  `Content` mediumtext CHARACTER SET utf8mb4 COLLATE utf8mb4_unicode_ci,
  `FullWidth` tinyint(1) UNSIGNED NOT NULL DEFAULT '0',
  PRIMARY KEY (`ID`),
  KEY `ClassName` (`ClassName`),
  KEY `ContainerImageID` (`ContainerImageID`),
  KEY `PageID` (`PageID`),
  KEY `SortOrder` (`SortOrder`)
) ENGINE=InnoDB AUTO_INCREMENT=3 DEFAULT CHARSET=latin1;

--
-- Dumping data for table `imagecontentblock`
--

INSERT INTO `imagecontentblock` (`ID`, `ClassName`, `LastEdited`, `Created`, `Title`, `BoldCaption`, `CaptionHighlight`, `ReverseImage`, `ContainerImageID`, `PageID`, `SortOrder`, `Content`, `FullWidth`) VALUES
(1, 'ImageContentBlock', '2021-04-05 04:50:05', '2021-04-04 21:08:18', 'Look & feel', 'Customize your', 'website', 1, 2, 6, 1, '<p><span>Lorem ipsum dolor sit amet, consectetur adipiscing elit. Etiam varius felis ac tortor posuere, mollis varius enim molestie. Vestibulum dignissim, ipsum vitae ultricies tincidunt, orci justo molestie leo, eget dictum odio justo congue ex. Praesent sollicitudin diam eu quam pulvinar ornare.</span></p>', 1),
(2, 'ImageContentBlock', '2021-04-07 09:59:43', '2021-04-04 21:15:27', 'Speed', 'faster than', 'before', 0, 12, 6, 2, '<p><span>Lorem ipsum dolor sit amet, consectetur adipiscing elit. Etiam varius felis ac tortor posuere, mollis varius enim molestie. Vestibulum dignissim, ipsum vitae ultricies tincidunt, orci justo molestie leo, eget dictum odio justo congue ex. Praesent sollicitudin diam eu quam pulvinar ornare. Suspendisse risus risus, suscipit id dolor sed, consequat porta lacus.</span></p>', 0);

-- --------------------------------------------------------

--
-- Table structure for table `loginattempt`
--

DROP TABLE IF EXISTS `loginattempt`;
CREATE TABLE IF NOT EXISTS `loginattempt` (
  `ID` int(11) NOT NULL AUTO_INCREMENT,
  `ClassName` enum('SilverStripe\\Security\\LoginAttempt') CHARACTER SET utf8mb4 COLLATE utf8mb4_unicode_ci DEFAULT 'SilverStripe\\Security\\LoginAttempt',
  `LastEdited` datetime DEFAULT NULL,
  `Created` datetime DEFAULT NULL,
  `Email` varchar(255) CHARACTER SET utf8mb4 COLLATE utf8mb4_unicode_ci DEFAULT NULL,
  `EmailHashed` varchar(255) CHARACTER SET utf8mb4 COLLATE utf8mb4_unicode_ci DEFAULT NULL,
  `Status` enum('Success','Failure') CHARACTER SET utf8mb4 COLLATE utf8mb4_unicode_ci DEFAULT 'Success',
  `IP` varchar(255) CHARACTER SET utf8mb4 COLLATE utf8mb4_unicode_ci DEFAULT NULL,
  `MemberID` int(11) NOT NULL DEFAULT '0',
  PRIMARY KEY (`ID`),
  KEY `ClassName` (`ClassName`),
  KEY `MemberID` (`MemberID`),
  KEY `EmailHashed` (`EmailHashed`)
) ENGINE=InnoDB AUTO_INCREMENT=6 DEFAULT CHARSET=latin1;

--
-- Dumping data for table `loginattempt`
--

INSERT INTO `loginattempt` (`ID`, `ClassName`, `LastEdited`, `Created`, `Email`, `EmailHashed`, `Status`, `IP`, `MemberID`) VALUES
(1, 'SilverStripe\\Security\\LoginAttempt', '2021-04-03 21:49:54', '2021-04-03 21:49:54', NULL, 'd033e22ae348aeb5660fc2140aec35850c4da997', 'Success', '::1', 1),
(2, 'SilverStripe\\Security\\LoginAttempt', '2021-04-06 20:48:45', '2021-04-06 20:48:45', NULL, 'da39a3ee5e6b4b0d3255bfef95601890afd80709', 'Failure', '::1', 1),
(3, 'SilverStripe\\Security\\LoginAttempt', '2021-04-06 20:48:50', '2021-04-06 20:48:50', NULL, 'da39a3ee5e6b4b0d3255bfef95601890afd80709', 'Success', '::1', 1),
(4, 'SilverStripe\\Security\\LoginAttempt', '2021-04-07 09:42:17', '2021-04-07 09:42:17', NULL, 'd033e22ae348aeb5660fc2140aec35850c4da997', 'Success', '::1', 1),
(5, 'SilverStripe\\Security\\LoginAttempt', '2021-04-07 09:57:52', '2021-04-07 09:57:52', NULL, 'd033e22ae348aeb5660fc2140aec35850c4da997', 'Success', '::1', 1);

-- --------------------------------------------------------

--
-- Table structure for table `member`
--

DROP TABLE IF EXISTS `member`;
CREATE TABLE IF NOT EXISTS `member` (
  `ID` int(11) NOT NULL AUTO_INCREMENT,
  `ClassName` enum('SilverStripe\\Security\\Member') CHARACTER SET utf8mb4 COLLATE utf8mb4_unicode_ci DEFAULT 'SilverStripe\\Security\\Member',
  `LastEdited` datetime DEFAULT NULL,
  `Created` datetime DEFAULT NULL,
  `FirstName` varchar(255) CHARACTER SET utf8mb4 COLLATE utf8mb4_unicode_ci DEFAULT NULL,
  `Surname` varchar(255) CHARACTER SET utf8mb4 COLLATE utf8mb4_unicode_ci DEFAULT NULL,
  `Email` varchar(254) CHARACTER SET utf8mb4 COLLATE utf8mb4_unicode_ci DEFAULT NULL,
  `TempIDHash` varchar(160) CHARACTER SET utf8mb4 COLLATE utf8mb4_unicode_ci DEFAULT NULL,
  `TempIDExpired` datetime DEFAULT NULL,
  `Password` varchar(160) CHARACTER SET utf8mb4 COLLATE utf8mb4_unicode_ci DEFAULT NULL,
  `AutoLoginHash` varchar(160) CHARACTER SET utf8mb4 COLLATE utf8mb4_unicode_ci DEFAULT NULL,
  `AutoLoginExpired` datetime DEFAULT NULL,
  `PasswordEncryption` varchar(50) CHARACTER SET utf8mb4 COLLATE utf8mb4_unicode_ci DEFAULT NULL,
  `Salt` varchar(50) CHARACTER SET utf8mb4 COLLATE utf8mb4_unicode_ci DEFAULT NULL,
  `PasswordExpiry` date DEFAULT NULL,
  `LockedOutUntil` datetime DEFAULT NULL,
  `Locale` varchar(6) CHARACTER SET utf8mb4 COLLATE utf8mb4_unicode_ci DEFAULT NULL,
  `FailedLoginCount` int(11) NOT NULL DEFAULT '0',
  PRIMARY KEY (`ID`),
  KEY `Surname` (`Surname`),
  KEY `FirstName` (`FirstName`),
  KEY `ClassName` (`ClassName`),
  KEY `Email` (`Email`)
) ENGINE=InnoDB AUTO_INCREMENT=2 DEFAULT CHARSET=latin1;

--
-- Dumping data for table `member`
--

INSERT INTO `member` (`ID`, `ClassName`, `LastEdited`, `Created`, `FirstName`, `Surname`, `Email`, `TempIDHash`, `TempIDExpired`, `Password`, `AutoLoginHash`, `AutoLoginExpired`, `PasswordEncryption`, `Salt`, `PasswordExpiry`, `LockedOutUntil`, `Locale`, `FailedLoginCount`) VALUES
(1, 'SilverStripe\\Security\\Member', '2021-04-07 09:57:52', '2021-04-03 21:49:23', 'Default Admin', NULL, 'admin', '759e1d815b6e6961e7733c9834d9cd77738a1e46', '2021-04-10 09:57:52', NULL, NULL, NULL, 'none', NULL, NULL, NULL, 'en_US', 0);

-- --------------------------------------------------------

--
-- Table structure for table `memberpassword`
--

DROP TABLE IF EXISTS `memberpassword`;
CREATE TABLE IF NOT EXISTS `memberpassword` (
  `ID` int(11) NOT NULL AUTO_INCREMENT,
  `ClassName` enum('SilverStripe\\Security\\MemberPassword') CHARACTER SET utf8mb4 COLLATE utf8mb4_unicode_ci DEFAULT 'SilverStripe\\Security\\MemberPassword',
  `LastEdited` datetime DEFAULT NULL,
  `Created` datetime DEFAULT NULL,
  `Password` varchar(160) CHARACTER SET utf8mb4 COLLATE utf8mb4_unicode_ci DEFAULT NULL,
  `Salt` varchar(50) CHARACTER SET utf8mb4 COLLATE utf8mb4_unicode_ci DEFAULT NULL,
  `PasswordEncryption` varchar(50) CHARACTER SET utf8mb4 COLLATE utf8mb4_unicode_ci DEFAULT NULL,
  `MemberID` int(11) NOT NULL DEFAULT '0',
  PRIMARY KEY (`ID`),
  KEY `ClassName` (`ClassName`),
  KEY `MemberID` (`MemberID`)
) ENGINE=InnoDB AUTO_INCREMENT=2 DEFAULT CHARSET=latin1;

--
-- Dumping data for table `memberpassword`
--

INSERT INTO `memberpassword` (`ID`, `ClassName`, `LastEdited`, `Created`, `Password`, `Salt`, `PasswordEncryption`, `MemberID`) VALUES
(1, 'SilverStripe\\Security\\MemberPassword', '2021-04-03 21:49:24', '2021-04-03 21:49:24', NULL, NULL, 'none', 1);

-- --------------------------------------------------------

--
-- Table structure for table `permission`
--

DROP TABLE IF EXISTS `permission`;
CREATE TABLE IF NOT EXISTS `permission` (
  `ID` int(11) NOT NULL AUTO_INCREMENT,
  `ClassName` enum('SilverStripe\\Security\\Permission') CHARACTER SET utf8mb4 COLLATE utf8mb4_unicode_ci DEFAULT 'SilverStripe\\Security\\Permission',
  `LastEdited` datetime DEFAULT NULL,
  `Created` datetime DEFAULT NULL,
  `Code` varchar(255) CHARACTER SET utf8mb4 COLLATE utf8mb4_unicode_ci DEFAULT NULL,
  `Arg` int(11) NOT NULL DEFAULT '0',
  `Type` int(11) NOT NULL DEFAULT '1',
  `GroupID` int(11) NOT NULL DEFAULT '0',
  PRIMARY KEY (`ID`),
  KEY `ClassName` (`ClassName`),
  KEY `GroupID` (`GroupID`),
  KEY `Code` (`Code`)
) ENGINE=InnoDB AUTO_INCREMENT=6 DEFAULT CHARSET=latin1;

--
-- Dumping data for table `permission`
--

INSERT INTO `permission` (`ID`, `ClassName`, `LastEdited`, `Created`, `Code`, `Arg`, `Type`, `GroupID`) VALUES
(1, 'SilverStripe\\Security\\Permission', '2021-04-03 21:49:23', '2021-04-03 21:49:23', 'CMS_ACCESS_CMSMain', 0, 1, 1),
(2, 'SilverStripe\\Security\\Permission', '2021-04-03 21:49:23', '2021-04-03 21:49:23', 'CMS_ACCESS_AssetAdmin', 0, 1, 1),
(3, 'SilverStripe\\Security\\Permission', '2021-04-03 21:49:23', '2021-04-03 21:49:23', 'CMS_ACCESS_ReportAdmin', 0, 1, 1),
(4, 'SilverStripe\\Security\\Permission', '2021-04-03 21:49:23', '2021-04-03 21:49:23', 'SITETREE_REORGANISE', 0, 1, 1),
(5, 'SilverStripe\\Security\\Permission', '2021-04-03 21:49:23', '2021-04-03 21:49:23', 'ADMIN', 0, 1, 2);

-- --------------------------------------------------------

--
-- Table structure for table `permissionrole`
--

DROP TABLE IF EXISTS `permissionrole`;
CREATE TABLE IF NOT EXISTS `permissionrole` (
  `ID` int(11) NOT NULL AUTO_INCREMENT,
  `ClassName` enum('SilverStripe\\Security\\PermissionRole') CHARACTER SET utf8mb4 COLLATE utf8mb4_unicode_ci DEFAULT 'SilverStripe\\Security\\PermissionRole',
  `LastEdited` datetime DEFAULT NULL,
  `Created` datetime DEFAULT NULL,
  `Title` varchar(255) CHARACTER SET utf8mb4 COLLATE utf8mb4_unicode_ci DEFAULT NULL,
  `OnlyAdminCanApply` tinyint(1) UNSIGNED NOT NULL DEFAULT '0',
  PRIMARY KEY (`ID`),
  KEY `Title` (`Title`),
  KEY `ClassName` (`ClassName`)
) ENGINE=InnoDB DEFAULT CHARSET=latin1;

-- --------------------------------------------------------

--
-- Table structure for table `permissionrolecode`
--

DROP TABLE IF EXISTS `permissionrolecode`;
CREATE TABLE IF NOT EXISTS `permissionrolecode` (
  `ID` int(11) NOT NULL AUTO_INCREMENT,
  `ClassName` enum('SilverStripe\\Security\\PermissionRoleCode') CHARACTER SET utf8mb4 COLLATE utf8mb4_unicode_ci DEFAULT 'SilverStripe\\Security\\PermissionRoleCode',
  `LastEdited` datetime DEFAULT NULL,
  `Created` datetime DEFAULT NULL,
  `Code` varchar(255) CHARACTER SET utf8mb4 COLLATE utf8mb4_unicode_ci DEFAULT NULL,
  `RoleID` int(11) NOT NULL DEFAULT '0',
  PRIMARY KEY (`ID`),
  KEY `ClassName` (`ClassName`),
  KEY `RoleID` (`RoleID`)
) ENGINE=InnoDB DEFAULT CHARSET=latin1;

-- --------------------------------------------------------

--
-- Table structure for table `redirectorpage`
--

DROP TABLE IF EXISTS `redirectorpage`;
CREATE TABLE IF NOT EXISTS `redirectorpage` (
  `ID` int(11) NOT NULL AUTO_INCREMENT,
  `RedirectionType` enum('Internal','External') CHARACTER SET utf8mb4 COLLATE utf8mb4_unicode_ci DEFAULT 'Internal',
  `ExternalURL` varchar(2083) CHARACTER SET utf8mb4 COLLATE utf8mb4_unicode_ci DEFAULT NULL,
  `LinkToID` int(11) NOT NULL DEFAULT '0',
  PRIMARY KEY (`ID`),
  KEY `LinkToID` (`LinkToID`)
) ENGINE=InnoDB DEFAULT CHARSET=latin1;

-- --------------------------------------------------------

--
-- Table structure for table `redirectorpage_live`
--

DROP TABLE IF EXISTS `redirectorpage_live`;
CREATE TABLE IF NOT EXISTS `redirectorpage_live` (
  `ID` int(11) NOT NULL AUTO_INCREMENT,
  `RedirectionType` enum('Internal','External') CHARACTER SET utf8mb4 COLLATE utf8mb4_unicode_ci DEFAULT 'Internal',
  `ExternalURL` varchar(2083) CHARACTER SET utf8mb4 COLLATE utf8mb4_unicode_ci DEFAULT NULL,
  `LinkToID` int(11) NOT NULL DEFAULT '0',
  PRIMARY KEY (`ID`),
  KEY `LinkToID` (`LinkToID`)
) ENGINE=InnoDB DEFAULT CHARSET=latin1;

-- --------------------------------------------------------

--
-- Table structure for table `redirectorpage_versions`
--

DROP TABLE IF EXISTS `redirectorpage_versions`;
CREATE TABLE IF NOT EXISTS `redirectorpage_versions` (
  `ID` int(11) NOT NULL AUTO_INCREMENT,
  `RecordID` int(11) NOT NULL DEFAULT '0',
  `Version` int(11) NOT NULL DEFAULT '0',
  `RedirectionType` enum('Internal','External') CHARACTER SET utf8mb4 COLLATE utf8mb4_unicode_ci DEFAULT 'Internal',
  `ExternalURL` varchar(2083) CHARACTER SET utf8mb4 COLLATE utf8mb4_unicode_ci DEFAULT NULL,
  `LinkToID` int(11) NOT NULL DEFAULT '0',
  PRIMARY KEY (`ID`),
  UNIQUE KEY `RecordID_Version` (`RecordID`,`Version`),
  KEY `RecordID` (`RecordID`),
  KEY `Version` (`Version`),
  KEY `LinkToID` (`LinkToID`)
) ENGINE=InnoDB DEFAULT CHARSET=latin1;

-- --------------------------------------------------------

--
-- Table structure for table `rememberloginhash`
--

DROP TABLE IF EXISTS `rememberloginhash`;
CREATE TABLE IF NOT EXISTS `rememberloginhash` (
  `ID` int(11) NOT NULL AUTO_INCREMENT,
  `ClassName` enum('SilverStripe\\Security\\RememberLoginHash') CHARACTER SET utf8mb4 COLLATE utf8mb4_unicode_ci DEFAULT 'SilverStripe\\Security\\RememberLoginHash',
  `LastEdited` datetime DEFAULT NULL,
  `Created` datetime DEFAULT NULL,
  `DeviceID` varchar(40) CHARACTER SET utf8mb4 COLLATE utf8mb4_unicode_ci DEFAULT NULL,
  `Hash` varchar(160) CHARACTER SET utf8mb4 COLLATE utf8mb4_unicode_ci DEFAULT NULL,
  `ExpiryDate` datetime DEFAULT NULL,
  `MemberID` int(11) NOT NULL DEFAULT '0',
  PRIMARY KEY (`ID`),
  KEY `ClassName` (`ClassName`),
  KEY `MemberID` (`MemberID`),
  KEY `DeviceID` (`DeviceID`),
  KEY `Hash` (`Hash`)
) ENGINE=InnoDB AUTO_INCREMENT=4 DEFAULT CHARSET=latin1;

--
-- Dumping data for table `rememberloginhash`
--

INSERT INTO `rememberloginhash` (`ID`, `ClassName`, `LastEdited`, `Created`, `DeviceID`, `Hash`, `ExpiryDate`, `MemberID`) VALUES
(3, 'SilverStripe\\Security\\RememberLoginHash', '2021-04-07 10:17:44', '2021-04-07 09:57:52', '031a6c456de7b7200929a22b63b7cc286bdf3117', 'd4d35e3c1bd0638b7bd4e73a0a57284322d2190b', '2021-07-06 09:57:52', 1);

-- --------------------------------------------------------

--
-- Table structure for table `siteconfig`
--

DROP TABLE IF EXISTS `siteconfig`;
CREATE TABLE IF NOT EXISTS `siteconfig` (
  `ID` int(11) NOT NULL AUTO_INCREMENT,
  `ClassName` enum('SilverStripe\\SiteConfig\\SiteConfig') CHARACTER SET utf8mb4 COLLATE utf8mb4_unicode_ci DEFAULT 'SilverStripe\\SiteConfig\\SiteConfig',
  `LastEdited` datetime DEFAULT NULL,
  `Created` datetime DEFAULT NULL,
  `Title` varchar(255) CHARACTER SET utf8mb4 COLLATE utf8mb4_unicode_ci DEFAULT NULL,
  `Tagline` varchar(255) CHARACTER SET utf8mb4 COLLATE utf8mb4_unicode_ci DEFAULT NULL,
  `CanViewType` enum('Anyone','LoggedInUsers','OnlyTheseUsers') CHARACTER SET utf8mb4 COLLATE utf8mb4_unicode_ci DEFAULT 'Anyone',
  `CanEditType` enum('LoggedInUsers','OnlyTheseUsers') CHARACTER SET utf8mb4 COLLATE utf8mb4_unicode_ci DEFAULT 'LoggedInUsers',
  `CanCreateTopLevelType` enum('LoggedInUsers','OnlyTheseUsers') CHARACTER SET utf8mb4 COLLATE utf8mb4_unicode_ci DEFAULT 'LoggedInUsers',
  `Phone` varchar(255) CHARACTER SET utf8mb4 COLLATE utf8mb4_unicode_ci DEFAULT NULL,
  `Copyrights` mediumtext CHARACTER SET utf8mb4 COLLATE utf8mb4_unicode_ci,
  `HeaderActionText` varchar(255) CHARACTER SET utf8mb4 COLLATE utf8mb4_unicode_ci DEFAULT NULL,
  `HeaderActionURL` varchar(255) CHARACTER SET utf8mb4 COLLATE utf8mb4_unicode_ci DEFAULT NULL,
  `LogoID` int(11) NOT NULL DEFAULT '0',
  `SliderTitle` varchar(255) CHARACTER SET utf8mb4 COLLATE utf8mb4_unicode_ci DEFAULT NULL,
  `SliderBoldCaption` varchar(255) CHARACTER SET utf8mb4 COLLATE utf8mb4_unicode_ci DEFAULT NULL,
  `SliderCaptionHighlight` varchar(255) CHARACTER SET utf8mb4 COLLATE utf8mb4_unicode_ci DEFAULT NULL,
  `SliderActionText` varchar(255) CHARACTER SET utf8mb4 COLLATE utf8mb4_unicode_ci DEFAULT NULL,
  `SliderActionURL` varchar(255) CHARACTER SET utf8mb4 COLLATE utf8mb4_unicode_ci DEFAULT NULL,
  `SliderImageAID` int(11) NOT NULL DEFAULT '0',
  `SliderImageBID` int(11) NOT NULL DEFAULT '0',
  `AdminEmail` varchar(255) CHARACTER SET utf8mb4 COLLATE utf8mb4_unicode_ci DEFAULT NULL,
  PRIMARY KEY (`ID`),
  KEY `ClassName` (`ClassName`),
  KEY `LogoID` (`LogoID`),
  KEY `SliderImageAID` (`SliderImageAID`),
  KEY `SliderImageBID` (`SliderImageBID`)
) ENGINE=InnoDB AUTO_INCREMENT=2 DEFAULT CHARSET=latin1;

--
-- Dumping data for table `siteconfig`
--

INSERT INTO `siteconfig` (`ID`, `ClassName`, `LastEdited`, `Created`, `Title`, `Tagline`, `CanViewType`, `CanEditType`, `CanCreateTopLevelType`, `Phone`, `Copyrights`, `HeaderActionText`, `HeaderActionURL`, `LogoID`, `SliderTitle`, `SliderBoldCaption`, `SliderCaptionHighlight`, `SliderActionText`, `SliderActionURL`, `SliderImageAID`, `SliderImageBID`, `AdminEmail`) VALUES
(1, 'SilverStripe\\SiteConfig\\SiteConfig', '2021-04-06 19:19:10', '2021-04-03 21:49:23', 'Your Site Name', 'your tagline here', 'Anyone', 'LoggedInUsers', 'LoggedInUsers', '+64 9 489 2726', ' 2018 Toast Design. Terms &amp; Conditions.', 'Upgrade Now', '#', 3, 'It has landed', 'what we have to offer in', 'silverstripe 4', 'LEARN MORE', '#', 10, 11, 'vjadhithyanmohan1701@gmail.com');

-- --------------------------------------------------------

--
-- Table structure for table `siteconfigextension`
--

DROP TABLE IF EXISTS `siteconfigextension`;
CREATE TABLE IF NOT EXISTS `siteconfigextension` (
  `ID` int(11) NOT NULL AUTO_INCREMENT,
  `ClassName` enum('SiteConfigExtension') CHARACTER SET utf8mb4 COLLATE utf8mb4_unicode_ci DEFAULT 'SiteConfigExtension',
  `LastEdited` datetime DEFAULT NULL,
  `Created` datetime DEFAULT NULL,
  `SocialLink` varchar(255) CHARACTER SET utf8mb4 COLLATE utf8mb4_unicode_ci DEFAULT NULL,
  `SortOrder` int(11) NOT NULL DEFAULT '0',
  `SocialLogoID` int(11) NOT NULL DEFAULT '0',
  `SiteConfigCustomExtensionID` int(11) NOT NULL DEFAULT '0',
  PRIMARY KEY (`ID`),
  KEY `SortOrder` (`SortOrder`),
  KEY `ClassName` (`ClassName`),
  KEY `SocialLogoID` (`SocialLogoID`),
  KEY `SiteConfigCustomExtensionID` (`SiteConfigCustomExtensionID`)
) ENGINE=InnoDB DEFAULT CHARSET=latin1;

-- --------------------------------------------------------

--
-- Table structure for table `siteconfig_createtoplevelgroups`
--

DROP TABLE IF EXISTS `siteconfig_createtoplevelgroups`;
CREATE TABLE IF NOT EXISTS `siteconfig_createtoplevelgroups` (
  `ID` int(11) NOT NULL AUTO_INCREMENT,
  `SiteConfigID` int(11) NOT NULL DEFAULT '0',
  `GroupID` int(11) NOT NULL DEFAULT '0',
  PRIMARY KEY (`ID`),
  KEY `SiteConfigID` (`SiteConfigID`),
  KEY `GroupID` (`GroupID`)
) ENGINE=InnoDB DEFAULT CHARSET=latin1;

-- --------------------------------------------------------

--
-- Table structure for table `siteconfig_editorgroups`
--

DROP TABLE IF EXISTS `siteconfig_editorgroups`;
CREATE TABLE IF NOT EXISTS `siteconfig_editorgroups` (
  `ID` int(11) NOT NULL AUTO_INCREMENT,
  `SiteConfigID` int(11) NOT NULL DEFAULT '0',
  `GroupID` int(11) NOT NULL DEFAULT '0',
  PRIMARY KEY (`ID`),
  KEY `SiteConfigID` (`SiteConfigID`),
  KEY `GroupID` (`GroupID`)
) ENGINE=InnoDB DEFAULT CHARSET=latin1;

-- --------------------------------------------------------

--
-- Table structure for table `siteconfig_viewergroups`
--

DROP TABLE IF EXISTS `siteconfig_viewergroups`;
CREATE TABLE IF NOT EXISTS `siteconfig_viewergroups` (
  `ID` int(11) NOT NULL AUTO_INCREMENT,
  `SiteConfigID` int(11) NOT NULL DEFAULT '0',
  `GroupID` int(11) NOT NULL DEFAULT '0',
  PRIMARY KEY (`ID`),
  KEY `SiteConfigID` (`SiteConfigID`),
  KEY `GroupID` (`GroupID`)
) ENGINE=InnoDB DEFAULT CHARSET=latin1;

-- --------------------------------------------------------

--
-- Table structure for table `sitetree`
--

DROP TABLE IF EXISTS `sitetree`;
CREATE TABLE IF NOT EXISTS `sitetree` (
  `ID` int(11) NOT NULL AUTO_INCREMENT,
  `ClassName` enum('SilverStripe\\CMS\\Model\\SiteTree','Page','HomePage','SilverStripe\\ErrorPage\\ErrorPage','SilverStripe\\CMS\\Model\\RedirectorPage','SilverStripe\\CMS\\Model\\VirtualPage') CHARACTER SET utf8mb4 COLLATE utf8mb4_unicode_ci DEFAULT 'Page',
  `LastEdited` datetime DEFAULT NULL,
  `Created` datetime DEFAULT NULL,
  `CanViewType` enum('Anyone','LoggedInUsers','OnlyTheseUsers','Inherit') CHARACTER SET utf8mb4 COLLATE utf8mb4_unicode_ci DEFAULT 'Inherit',
  `CanEditType` enum('LoggedInUsers','OnlyTheseUsers','Inherit') CHARACTER SET utf8mb4 COLLATE utf8mb4_unicode_ci DEFAULT 'Inherit',
  `Version` int(11) NOT NULL DEFAULT '0',
  `URLSegment` varchar(255) CHARACTER SET utf8mb4 COLLATE utf8mb4_unicode_ci DEFAULT NULL,
  `Title` varchar(255) CHARACTER SET utf8mb4 COLLATE utf8mb4_unicode_ci DEFAULT NULL,
  `MenuTitle` varchar(100) CHARACTER SET utf8mb4 COLLATE utf8mb4_unicode_ci DEFAULT NULL,
  `Content` mediumtext CHARACTER SET utf8mb4 COLLATE utf8mb4_unicode_ci,
  `MetaDescription` mediumtext CHARACTER SET utf8mb4 COLLATE utf8mb4_unicode_ci,
  `ExtraMeta` mediumtext CHARACTER SET utf8mb4 COLLATE utf8mb4_unicode_ci,
  `ShowInMenus` tinyint(1) UNSIGNED NOT NULL DEFAULT '0',
  `ShowInSearch` tinyint(1) UNSIGNED NOT NULL DEFAULT '0',
  `Sort` int(11) NOT NULL DEFAULT '0',
  `HasBrokenFile` tinyint(1) UNSIGNED NOT NULL DEFAULT '0',
  `HasBrokenLink` tinyint(1) UNSIGNED NOT NULL DEFAULT '0',
  `ReportClass` varchar(255) CHARACTER SET utf8mb4 COLLATE utf8mb4_unicode_ci DEFAULT NULL,
  `ParentID` int(11) NOT NULL DEFAULT '0',
  PRIMARY KEY (`ID`),
  KEY `Sort` (`Sort`),
  KEY `ClassName` (`ClassName`),
  KEY `ParentID` (`ParentID`),
  KEY `URLSegment` (`URLSegment`)
) ENGINE=InnoDB AUTO_INCREMENT=7 DEFAULT CHARSET=latin1;

--
-- Dumping data for table `sitetree`
--

INSERT INTO `sitetree` (`ID`, `ClassName`, `LastEdited`, `Created`, `CanViewType`, `CanEditType`, `Version`, `URLSegment`, `Title`, `MenuTitle`, `Content`, `MetaDescription`, `ExtraMeta`, `ShowInMenus`, `ShowInSearch`, `Sort`, `HasBrokenFile`, `HasBrokenLink`, `ReportClass`, `ParentID`) VALUES
(4, 'SilverStripe\\ErrorPage\\ErrorPage', '2021-04-04 12:11:35', '2021-04-03 21:49:24', 'Inherit', 'Inherit', 4, 'page-not-found', 'Page not found', NULL, '<p>Sorry, it seems you were trying to access a page that doesn\'t exist.</p><p>Please check the spelling of the URL you were trying to access and try again.</p>', NULL, NULL, 0, 0, 3, 0, 0, NULL, 0),
(5, 'SilverStripe\\ErrorPage\\ErrorPage', '2021-04-05 00:02:24', '2021-04-03 21:49:24', 'Inherit', 'Inherit', 6, 'server-error', 'Server error', NULL, '<p>Sorry, there was a problem with handling your request.</p>', NULL, NULL, 0, 0, 2, 0, 0, NULL, 0),
(6, 'HomePage', '2021-04-04 23:27:15', '2021-04-03 21:54:58', 'Inherit', 'Inherit', 12, 'home', 'Home Page', NULL, NULL, NULL, NULL, 0, 1, 1, 0, 0, NULL, 0);

-- --------------------------------------------------------

--
-- Table structure for table `sitetreelink`
--

DROP TABLE IF EXISTS `sitetreelink`;
CREATE TABLE IF NOT EXISTS `sitetreelink` (
  `ID` int(11) NOT NULL AUTO_INCREMENT,
  `ClassName` enum('SilverStripe\\CMS\\Model\\SiteTreeLink') CHARACTER SET utf8mb4 COLLATE utf8mb4_unicode_ci DEFAULT 'SilverStripe\\CMS\\Model\\SiteTreeLink',
  `LastEdited` datetime DEFAULT NULL,
  `Created` datetime DEFAULT NULL,
  `LinkedID` int(11) NOT NULL DEFAULT '0',
  `ParentID` int(11) NOT NULL DEFAULT '0',
  `ParentClass` enum('ContactFormSubmission','ImageContentBlock','SocialLinksFooter','SilverStripe\\Assets\\File','SilverStripe\\SiteConfig\\SiteConfig','SilverStripe\\Versioned\\ChangeSet','SilverStripe\\Versioned\\ChangeSetItem','DNADesign\\Elemental\\Models\\BaseElement','DNADesign\\Elemental\\Models\\ElementalArea','SilverStripe\\Assets\\Shortcodes\\FileLink','SilverStripe\\CMS\\Model\\SiteTree','SilverStripe\\CMS\\Model\\SiteTreeLink','SilverStripe\\Security\\Group','SilverStripe\\Security\\LoginAttempt','SilverStripe\\Security\\Member','SilverStripe\\Security\\MemberPassword','SilverStripe\\Security\\Permission','SilverStripe\\Security\\PermissionRole','SilverStripe\\Security\\PermissionRoleCode','SilverStripe\\Security\\RememberLoginHash','SilverStripe\\Assets\\Folder','SilverStripe\\Assets\\Image','DNADesign\\Elemental\\Models\\ElementContent','Page','HomePage','SilverStripe\\ErrorPage\\ErrorPage','SilverStripe\\CMS\\Model\\RedirectorPage','SilverStripe\\CMS\\Model\\VirtualPage') CHARACTER SET utf8mb4 COLLATE utf8mb4_unicode_ci DEFAULT 'ContactFormSubmission',
  PRIMARY KEY (`ID`),
  KEY `ClassName` (`ClassName`),
  KEY `LinkedID` (`LinkedID`),
  KEY `Parent` (`ParentID`,`ParentClass`)
) ENGINE=InnoDB DEFAULT CHARSET=latin1;

-- --------------------------------------------------------

--
-- Table structure for table `sitetree_editorgroups`
--

DROP TABLE IF EXISTS `sitetree_editorgroups`;
CREATE TABLE IF NOT EXISTS `sitetree_editorgroups` (
  `ID` int(11) NOT NULL AUTO_INCREMENT,
  `SiteTreeID` int(11) NOT NULL DEFAULT '0',
  `GroupID` int(11) NOT NULL DEFAULT '0',
  PRIMARY KEY (`ID`),
  KEY `SiteTreeID` (`SiteTreeID`),
  KEY `GroupID` (`GroupID`)
) ENGINE=InnoDB DEFAULT CHARSET=latin1;

-- --------------------------------------------------------

--
-- Table structure for table `sitetree_live`
--

DROP TABLE IF EXISTS `sitetree_live`;
CREATE TABLE IF NOT EXISTS `sitetree_live` (
  `ID` int(11) NOT NULL AUTO_INCREMENT,
  `ClassName` enum('SilverStripe\\CMS\\Model\\SiteTree','Page','HomePage','SilverStripe\\ErrorPage\\ErrorPage','SilverStripe\\CMS\\Model\\RedirectorPage','SilverStripe\\CMS\\Model\\VirtualPage') CHARACTER SET utf8mb4 COLLATE utf8mb4_unicode_ci DEFAULT 'Page',
  `LastEdited` datetime DEFAULT NULL,
  `Created` datetime DEFAULT NULL,
  `CanViewType` enum('Anyone','LoggedInUsers','OnlyTheseUsers','Inherit') CHARACTER SET utf8mb4 COLLATE utf8mb4_unicode_ci DEFAULT 'Inherit',
  `CanEditType` enum('LoggedInUsers','OnlyTheseUsers','Inherit') CHARACTER SET utf8mb4 COLLATE utf8mb4_unicode_ci DEFAULT 'Inherit',
  `Version` int(11) NOT NULL DEFAULT '0',
  `URLSegment` varchar(255) CHARACTER SET utf8mb4 COLLATE utf8mb4_unicode_ci DEFAULT NULL,
  `Title` varchar(255) CHARACTER SET utf8mb4 COLLATE utf8mb4_unicode_ci DEFAULT NULL,
  `MenuTitle` varchar(100) CHARACTER SET utf8mb4 COLLATE utf8mb4_unicode_ci DEFAULT NULL,
  `Content` mediumtext CHARACTER SET utf8mb4 COLLATE utf8mb4_unicode_ci,
  `MetaDescription` mediumtext CHARACTER SET utf8mb4 COLLATE utf8mb4_unicode_ci,
  `ExtraMeta` mediumtext CHARACTER SET utf8mb4 COLLATE utf8mb4_unicode_ci,
  `ShowInMenus` tinyint(1) UNSIGNED NOT NULL DEFAULT '0',
  `ShowInSearch` tinyint(1) UNSIGNED NOT NULL DEFAULT '0',
  `Sort` int(11) NOT NULL DEFAULT '0',
  `HasBrokenFile` tinyint(1) UNSIGNED NOT NULL DEFAULT '0',
  `HasBrokenLink` tinyint(1) UNSIGNED NOT NULL DEFAULT '0',
  `ReportClass` varchar(255) CHARACTER SET utf8mb4 COLLATE utf8mb4_unicode_ci DEFAULT NULL,
  `ParentID` int(11) NOT NULL DEFAULT '0',
  PRIMARY KEY (`ID`),
  KEY `Sort` (`Sort`),
  KEY `ClassName` (`ClassName`),
  KEY `ParentID` (`ParentID`),
  KEY `URLSegment` (`URLSegment`)
) ENGINE=InnoDB AUTO_INCREMENT=7 DEFAULT CHARSET=latin1;

--
-- Dumping data for table `sitetree_live`
--

INSERT INTO `sitetree_live` (`ID`, `ClassName`, `LastEdited`, `Created`, `CanViewType`, `CanEditType`, `Version`, `URLSegment`, `Title`, `MenuTitle`, `Content`, `MetaDescription`, `ExtraMeta`, `ShowInMenus`, `ShowInSearch`, `Sort`, `HasBrokenFile`, `HasBrokenLink`, `ReportClass`, `ParentID`) VALUES
(4, 'SilverStripe\\ErrorPage\\ErrorPage', '2021-04-04 12:11:35', '2021-04-03 21:49:24', 'Inherit', 'Inherit', 4, 'page-not-found', 'Page not found', NULL, '<p>Sorry, it seems you were trying to access a page that doesn\'t exist.</p><p>Please check the spelling of the URL you were trying to access and try again.</p>', NULL, NULL, 0, 0, 3, 0, 0, NULL, 0),
(5, 'SilverStripe\\ErrorPage\\ErrorPage', '2021-04-05 00:02:24', '2021-04-03 21:49:24', 'Inherit', 'Inherit', 6, 'server-error', 'Server error', NULL, '<p>Sorry, there was a problem with handling your request.</p>', NULL, NULL, 0, 0, 2, 0, 0, NULL, 0),
(6, 'HomePage', '2021-04-04 23:27:15', '2021-04-03 21:54:58', 'Inherit', 'Inherit', 12, 'home', 'Home Page', NULL, NULL, NULL, NULL, 0, 1, 1, 0, 0, NULL, 0);

-- --------------------------------------------------------

--
-- Table structure for table `sitetree_versions`
--

DROP TABLE IF EXISTS `sitetree_versions`;
CREATE TABLE IF NOT EXISTS `sitetree_versions` (
  `ID` int(11) NOT NULL AUTO_INCREMENT,
  `RecordID` int(11) NOT NULL DEFAULT '0',
  `Version` int(11) NOT NULL DEFAULT '0',
  `WasPublished` tinyint(1) UNSIGNED NOT NULL DEFAULT '0',
  `WasDeleted` tinyint(1) UNSIGNED NOT NULL DEFAULT '0',
  `WasDraft` tinyint(1) UNSIGNED NOT NULL DEFAULT '1',
  `AuthorID` int(11) NOT NULL DEFAULT '0',
  `PublisherID` int(11) NOT NULL DEFAULT '0',
  `ClassName` enum('SilverStripe\\CMS\\Model\\SiteTree','Page','HomePage','SilverStripe\\ErrorPage\\ErrorPage','SilverStripe\\CMS\\Model\\RedirectorPage','SilverStripe\\CMS\\Model\\VirtualPage') CHARACTER SET utf8mb4 COLLATE utf8mb4_unicode_ci DEFAULT 'Page',
  `LastEdited` datetime DEFAULT NULL,
  `Created` datetime DEFAULT NULL,
  `CanViewType` enum('Anyone','LoggedInUsers','OnlyTheseUsers','Inherit') CHARACTER SET utf8mb4 COLLATE utf8mb4_unicode_ci DEFAULT 'Inherit',
  `CanEditType` enum('LoggedInUsers','OnlyTheseUsers','Inherit') CHARACTER SET utf8mb4 COLLATE utf8mb4_unicode_ci DEFAULT 'Inherit',
  `URLSegment` varchar(255) CHARACTER SET utf8mb4 COLLATE utf8mb4_unicode_ci DEFAULT NULL,
  `Title` varchar(255) CHARACTER SET utf8mb4 COLLATE utf8mb4_unicode_ci DEFAULT NULL,
  `MenuTitle` varchar(100) CHARACTER SET utf8mb4 COLLATE utf8mb4_unicode_ci DEFAULT NULL,
  `Content` mediumtext CHARACTER SET utf8mb4 COLLATE utf8mb4_unicode_ci,
  `MetaDescription` mediumtext CHARACTER SET utf8mb4 COLLATE utf8mb4_unicode_ci,
  `ExtraMeta` mediumtext CHARACTER SET utf8mb4 COLLATE utf8mb4_unicode_ci,
  `ShowInMenus` tinyint(1) UNSIGNED NOT NULL DEFAULT '0',
  `ShowInSearch` tinyint(1) UNSIGNED NOT NULL DEFAULT '0',
  `Sort` int(11) NOT NULL DEFAULT '0',
  `HasBrokenFile` tinyint(1) UNSIGNED NOT NULL DEFAULT '0',
  `HasBrokenLink` tinyint(1) UNSIGNED NOT NULL DEFAULT '0',
  `ReportClass` varchar(255) CHARACTER SET utf8mb4 COLLATE utf8mb4_unicode_ci DEFAULT NULL,
  `ParentID` int(11) NOT NULL DEFAULT '0',
  PRIMARY KEY (`ID`),
  KEY `RecordID_Version` (`RecordID`,`Version`),
  KEY `RecordID` (`RecordID`),
  KEY `Version` (`Version`),
  KEY `AuthorID` (`AuthorID`),
  KEY `PublisherID` (`PublisherID`),
  KEY `Sort` (`Sort`),
  KEY `ClassName` (`ClassName`),
  KEY `ParentID` (`ParentID`),
  KEY `URLSegment` (`URLSegment`)
) ENGINE=InnoDB AUTO_INCREMENT=38 DEFAULT CHARSET=latin1;

--
-- Dumping data for table `sitetree_versions`
--

INSERT INTO `sitetree_versions` (`ID`, `RecordID`, `Version`, `WasPublished`, `WasDeleted`, `WasDraft`, `AuthorID`, `PublisherID`, `ClassName`, `LastEdited`, `Created`, `CanViewType`, `CanEditType`, `URLSegment`, `Title`, `MenuTitle`, `Content`, `MetaDescription`, `ExtraMeta`, `ShowInMenus`, `ShowInSearch`, `Sort`, `HasBrokenFile`, `HasBrokenLink`, `ReportClass`, `ParentID`) VALUES
(1, 1, 1, 0, 0, 1, 0, 0, 'Page', '2021-04-03 21:49:23', '2021-04-03 21:49:23', 'Inherit', 'Inherit', 'home', 'Home', NULL, '<p>Welcome to SilverStripe! This is the default homepage. You can edit this page by opening <a href=\"admin/\">the CMS</a>.</p><p>You can now access the <a href=\"http://docs.silverstripe.org\">developer documentation</a>, or begin the <a href=\"http://www.silverstripe.org/learn/lessons\">SilverStripe lessons</a>.</p>', NULL, NULL, 1, 1, 1, 0, 0, NULL, 0),
(2, 1, 2, 1, 0, 1, 0, 0, 'Page', '2021-04-03 21:49:23', '2021-04-03 21:49:23', 'Inherit', 'Inherit', 'home', 'Home', NULL, '<p>Welcome to SilverStripe! This is the default homepage. You can edit this page by opening <a href=\"admin/\">the CMS</a>.</p><p>You can now access the <a href=\"http://docs.silverstripe.org\">developer documentation</a>, or begin the <a href=\"http://www.silverstripe.org/learn/lessons\">SilverStripe lessons</a>.</p>', NULL, NULL, 1, 1, 1, 0, 0, NULL, 0),
(3, 2, 1, 0, 0, 1, 0, 0, 'Page', '2021-04-03 21:49:23', '2021-04-03 21:49:23', 'Inherit', 'Inherit', 'about-us', 'About Us', NULL, '<p>You can fill this page out with your own content, or delete it and create your own pages.</p>', NULL, NULL, 1, 1, 2, 0, 0, NULL, 0),
(4, 2, 2, 1, 0, 1, 0, 0, 'Page', '2021-04-03 21:49:23', '2021-04-03 21:49:23', 'Inherit', 'Inherit', 'about-us', 'About Us', NULL, '<p>You can fill this page out with your own content, or delete it and create your own pages.</p>', NULL, NULL, 1, 1, 2, 0, 0, NULL, 0),
(5, 3, 1, 0, 0, 1, 0, 0, 'Page', '2021-04-03 21:49:23', '2021-04-03 21:49:23', 'Inherit', 'Inherit', 'contact-us', 'Contact Us', NULL, '<p>You can fill this page out with your own content, or delete it and create your own pages.</p>', NULL, NULL, 1, 1, 3, 0, 0, NULL, 0),
(6, 3, 2, 1, 0, 1, 0, 0, 'Page', '2021-04-03 21:49:23', '2021-04-03 21:49:23', 'Inherit', 'Inherit', 'contact-us', 'Contact Us', NULL, '<p>You can fill this page out with your own content, or delete it and create your own pages.</p>', NULL, NULL, 1, 1, 3, 0, 0, NULL, 0),
(7, 4, 1, 0, 0, 1, 0, 0, 'SilverStripe\\ErrorPage\\ErrorPage', '2021-04-03 21:49:24', '2021-04-03 21:49:24', 'Inherit', 'Inherit', 'page-not-found', 'Page not found', NULL, '<p>Sorry, it seems you were trying to access a page that doesn\'t exist.</p><p>Please check the spelling of the URL you were trying to access and try again.</p>', NULL, NULL, 0, 0, 4, 0, 0, NULL, 0),
(8, 4, 2, 1, 0, 1, 0, 0, 'SilverStripe\\ErrorPage\\ErrorPage', '2021-04-03 21:49:24', '2021-04-03 21:49:24', 'Inherit', 'Inherit', 'page-not-found', 'Page not found', NULL, '<p>Sorry, it seems you were trying to access a page that doesn\'t exist.</p><p>Please check the spelling of the URL you were trying to access and try again.</p>', NULL, NULL, 0, 0, 4, 0, 0, NULL, 0),
(9, 5, 1, 0, 0, 1, 0, 0, 'SilverStripe\\ErrorPage\\ErrorPage', '2021-04-03 21:49:24', '2021-04-03 21:49:24', 'Inherit', 'Inherit', 'server-error', 'Server error', NULL, '<p>Sorry, there was a problem with handling your request.</p>', NULL, NULL, 0, 0, 5, 0, 0, NULL, 0),
(10, 5, 2, 1, 0, 1, 0, 0, 'SilverStripe\\ErrorPage\\ErrorPage', '2021-04-03 21:49:24', '2021-04-03 21:49:24', 'Inherit', 'Inherit', 'server-error', 'Server error', NULL, '<p>Sorry, there was a problem with handling your request.</p>', NULL, NULL, 0, 0, 5, 0, 0, NULL, 0),
(11, 2, 3, 1, 1, 1, 1, 1, 'Page', '2021-04-03 21:50:59', '2021-04-03 21:49:23', 'Inherit', 'Inherit', 'about-us', 'About Us', NULL, '<p>You can fill this page out with your own content, or delete it and create your own pages.</p>', NULL, NULL, 1, 1, 2, 0, 0, NULL, 0),
(12, 3, 3, 1, 1, 1, 1, 1, 'Page', '2021-04-03 21:51:09', '2021-04-03 21:49:23', 'Inherit', 'Inherit', 'contact-us', 'Contact Us', NULL, '<p>You can fill this page out with your own content, or delete it and create your own pages.</p>', NULL, NULL, 1, 1, 3, 0, 0, NULL, 0),
(13, 6, 1, 0, 0, 1, 1, 0, 'HomePage', '2021-04-03 21:54:58', '2021-04-03 21:54:58', 'Inherit', 'Inherit', 'new-home-page', 'New Home Page', NULL, NULL, NULL, NULL, 1, 1, 6, 0, 0, NULL, 0),
(14, 1, 3, 0, 0, 1, 1, 0, 'Page', '2021-04-04 12:11:33', '2021-04-03 21:49:23', 'Inherit', 'Inherit', 'home', 'Home', NULL, '<p>Welcome to SilverStripe! This is the default homepage. You can edit this page by opening <a href=\"admin/\">the CMS</a>.</p><p>You can now access the <a href=\"http://docs.silverstripe.org\">developer documentation</a>, or begin the <a href=\"http://www.silverstripe.org/learn/lessons\">SilverStripe lessons</a>.</p>', NULL, NULL, 1, 1, 1, 0, 0, NULL, 0),
(15, 4, 3, 0, 0, 1, 1, 0, 'SilverStripe\\ErrorPage\\ErrorPage', '2021-04-04 12:11:34', '2021-04-03 21:49:24', 'Inherit', 'Inherit', 'page-not-found', 'Page not found', NULL, '<p>Sorry, it seems you were trying to access a page that doesn\'t exist.</p><p>Please check the spelling of the URL you were trying to access and try again.</p>', NULL, NULL, 0, 0, 4, 0, 0, NULL, 0),
(16, 5, 3, 0, 0, 1, 1, 0, 'SilverStripe\\ErrorPage\\ErrorPage', '2021-04-04 12:11:34', '2021-04-03 21:49:24', 'Inherit', 'Inherit', 'server-error', 'Server error', NULL, '<p>Sorry, there was a problem with handling your request.</p>', NULL, NULL, 0, 0, 5, 0, 0, NULL, 0),
(17, 6, 2, 0, 0, 1, 1, 0, 'HomePage', '2021-04-04 12:11:34', '2021-04-03 21:54:58', 'Inherit', 'Inherit', 'new-home-page', 'New Home Page', NULL, NULL, NULL, NULL, 1, 1, 6, 0, 0, NULL, 0),
(18, 4, 4, 1, 0, 1, 1, 1, 'SilverStripe\\ErrorPage\\ErrorPage', '2021-04-04 12:11:35', '2021-04-03 21:49:24', 'Inherit', 'Inherit', 'page-not-found', 'Page not found', NULL, '<p>Sorry, it seems you were trying to access a page that doesn\'t exist.</p><p>Please check the spelling of the URL you were trying to access and try again.</p>', NULL, NULL, 0, 0, 4, 0, 0, NULL, 0),
(19, 5, 4, 1, 0, 1, 1, 1, 'SilverStripe\\ErrorPage\\ErrorPage', '2021-04-04 12:11:39', '2021-04-03 21:49:24', 'Inherit', 'Inherit', 'server-error', 'Server error', NULL, '<p>Sorry, there was a problem with handling your request.</p>', NULL, NULL, 0, 0, 5, 0, 0, NULL, 0),
(20, 6, 3, 1, 0, 1, 1, 1, 'HomePage', '2021-04-04 21:11:31', '2021-04-03 21:54:58', 'Inherit', 'Inherit', 'new-home-page', 'New Home Page', NULL, NULL, NULL, NULL, 1, 1, 6, 0, 0, NULL, 0),
(21, 1, 4, 0, 0, 1, 1, 0, 'Page', '2021-04-04 23:25:34', '2021-04-03 21:49:23', 'Inherit', 'Inherit', 'home', 'Home', NULL, '<p>Welcome to SilverStripe! This is the default homepage. You can edit this page by opening <a href=\"admin/\">the CMS</a>.</p><p>You can now access the <a href=\"http://docs.silverstripe.org\">developer documentation</a>, or begin the <a href=\"http://www.silverstripe.org/learn/lessons\">SilverStripe lessons</a>.</p>', NULL, NULL, 0, 0, 1, 0, 0, NULL, 0),
(22, 1, 5, 1, 0, 1, 1, 1, 'Page', '2021-04-04 23:25:34', '2021-04-03 21:49:23', 'Inherit', 'Inherit', 'home', 'Home', NULL, '<p>Welcome to SilverStripe! This is the default homepage. You can edit this page by opening <a href=\"admin/\">the CMS</a>.</p><p>You can now access the <a href=\"http://docs.silverstripe.org\">developer documentation</a>, or begin the <a href=\"http://www.silverstripe.org/learn/lessons\">SilverStripe lessons</a>.</p>', NULL, NULL, 0, 0, 1, 0, 0, NULL, 0),
(23, 6, 4, 0, 0, 1, 1, 0, 'HomePage', '2021-04-04 23:25:46', '2021-04-03 21:54:58', 'Inherit', 'Inherit', 'home-page', 'Home Page', NULL, NULL, NULL, NULL, 1, 1, 6, 0, 0, NULL, 0),
(24, 6, 5, 1, 0, 1, 1, 1, 'HomePage', '2021-04-04 23:25:46', '2021-04-03 21:54:58', 'Inherit', 'Inherit', 'home-page', 'Home Page', NULL, NULL, NULL, NULL, 1, 1, 6, 0, 0, NULL, 0),
(25, 6, 6, 0, 0, 1, 1, 0, 'HomePage', '2021-04-04 23:26:08', '2021-04-03 21:54:58', 'Inherit', 'Inherit', 'home-page', 'Home Page', NULL, NULL, NULL, NULL, 0, 1, 6, 0, 0, NULL, 0),
(26, 6, 7, 1, 0, 1, 1, 1, 'HomePage', '2021-04-04 23:26:08', '2021-04-03 21:54:58', 'Inherit', 'Inherit', 'home-page', 'Home Page', NULL, NULL, NULL, NULL, 0, 1, 6, 0, 0, NULL, 0),
(27, 6, 8, 0, 0, 1, 1, 0, 'HomePage', '2021-04-04 23:26:15', '2021-04-03 21:54:58', 'Inherit', 'Inherit', 'home-page', 'Home Page', NULL, NULL, NULL, NULL, 0, 1, 1, 0, 0, NULL, 0),
(28, 1, 6, 0, 0, 1, 1, 0, 'Page', '2021-04-04 23:26:34', '2021-04-03 21:49:23', 'Inherit', 'Inherit', 'home-old', 'Home', NULL, '<p>Welcome to SilverStripe! This is the default homepage. You can edit this page by opening <a href=\"admin/\">the CMS</a>.</p><p>You can now access the <a href=\"http://docs.silverstripe.org\">developer documentation</a>, or begin the <a href=\"http://www.silverstripe.org/learn/lessons\">SilverStripe lessons</a>.</p>', NULL, NULL, 0, 0, 2, 0, 0, NULL, 0),
(29, 1, 7, 1, 0, 1, 1, 1, 'Page', '2021-04-04 23:26:34', '2021-04-03 21:49:23', 'Inherit', 'Inherit', 'home-old', 'Home', NULL, '<p>Welcome to SilverStripe! This is the default homepage. You can edit this page by opening <a href=\"admin/\">the CMS</a>.</p><p>You can now access the <a href=\"http://docs.silverstripe.org\">developer documentation</a>, or begin the <a href=\"http://www.silverstripe.org/learn/lessons\">SilverStripe lessons</a>.</p>', NULL, NULL, 0, 0, 2, 0, 0, NULL, 0),
(30, 6, 9, 0, 0, 1, 1, 0, 'HomePage', '2021-04-04 23:26:46', '2021-04-03 21:54:58', 'Inherit', 'Inherit', 'home', 'Home Page', NULL, NULL, NULL, NULL, 0, 1, 1, 0, 0, NULL, 0),
(31, 6, 10, 1, 0, 1, 1, 1, 'HomePage', '2021-04-04 23:26:46', '2021-04-03 21:54:58', 'Inherit', 'Inherit', 'home', 'Home Page', NULL, NULL, NULL, NULL, 0, 1, 1, 0, 0, NULL, 0),
(32, 5, 5, 0, 0, 1, 1, 0, 'SilverStripe\\ErrorPage\\ErrorPage', '2021-04-04 23:26:50', '2021-04-03 21:49:24', 'Inherit', 'Inherit', 'server-error', 'Server error', NULL, '<p>Sorry, there was a problem with handling your request.</p>', NULL, NULL, 0, 0, 1, 0, 0, NULL, 0),
(33, 6, 11, 0, 0, 1, 1, 0, 'HomePage', '2021-04-04 23:26:54', '2021-04-03 21:54:58', 'Inherit', 'Inherit', 'home', 'Home Page', NULL, NULL, NULL, NULL, 0, 1, 1, 0, 0, NULL, 0),
(34, 1, 8, 0, 0, 1, 1, 0, 'Page', '2021-04-04 23:27:02', '2021-04-03 21:49:23', 'Inherit', 'Inherit', 'home-old', 'Home', NULL, '<p>Welcome to SilverStripe! This is the default homepage. You can edit this page by opening <a href=\"admin/\">the CMS</a>.</p><p>You can now access the <a href=\"http://docs.silverstripe.org\">developer documentation</a>, or begin the <a href=\"http://www.silverstripe.org/learn/lessons\">SilverStripe lessons</a>.</p>', NULL, NULL, 0, 0, 4, 0, 0, NULL, 0),
(35, 1, 9, 1, 1, 1, 1, 1, 'Page', '2021-04-04 23:27:10', '2021-04-03 21:49:23', 'Inherit', 'Inherit', 'home-old', 'Home', NULL, '<p>Welcome to SilverStripe! This is the default homepage. You can edit this page by opening <a href=\"admin/\">the CMS</a>.</p><p>You can now access the <a href=\"http://docs.silverstripe.org\">developer documentation</a>, or begin the <a href=\"http://www.silverstripe.org/learn/lessons\">SilverStripe lessons</a>.</p>', NULL, NULL, 0, 0, 4, 0, 0, NULL, 0),
(36, 6, 12, 1, 0, 1, 1, 1, 'HomePage', '2021-04-04 23:27:15', '2021-04-03 21:54:58', 'Inherit', 'Inherit', 'home', 'Home Page', NULL, NULL, NULL, NULL, 0, 1, 1, 0, 0, NULL, 0),
(37, 5, 6, 1, 0, 1, 1, 1, 'SilverStripe\\ErrorPage\\ErrorPage', '2021-04-05 00:02:24', '2021-04-03 21:49:24', 'Inherit', 'Inherit', 'server-error', 'Server error', NULL, '<p>Sorry, there was a problem with handling your request.</p>', NULL, NULL, 0, 0, 2, 0, 0, NULL, 0);

-- --------------------------------------------------------

--
-- Table structure for table `sitetree_viewergroups`
--

DROP TABLE IF EXISTS `sitetree_viewergroups`;
CREATE TABLE IF NOT EXISTS `sitetree_viewergroups` (
  `ID` int(11) NOT NULL AUTO_INCREMENT,
  `SiteTreeID` int(11) NOT NULL DEFAULT '0',
  `GroupID` int(11) NOT NULL DEFAULT '0',
  PRIMARY KEY (`ID`),
  KEY `SiteTreeID` (`SiteTreeID`),
  KEY `GroupID` (`GroupID`)
) ENGINE=InnoDB DEFAULT CHARSET=latin1;

-- --------------------------------------------------------

--
-- Table structure for table `sociallinksfooter`
--

DROP TABLE IF EXISTS `sociallinksfooter`;
CREATE TABLE IF NOT EXISTS `sociallinksfooter` (
  `ID` int(11) NOT NULL AUTO_INCREMENT,
  `ClassName` enum('SocialLinksFooter') CHARACTER SET utf8mb4 COLLATE utf8mb4_unicode_ci DEFAULT 'SocialLinksFooter',
  `LastEdited` datetime DEFAULT NULL,
  `Created` datetime DEFAULT NULL,
  `SocialLink` varchar(255) CHARACTER SET utf8mb4 COLLATE utf8mb4_unicode_ci DEFAULT NULL,
  `SortOrder` int(11) NOT NULL DEFAULT '0',
  `SocialLogoID` int(11) NOT NULL DEFAULT '0',
  `SiteConfigCustomExtensionID` int(11) NOT NULL DEFAULT '0',
  `SiteConfigCustomID` int(11) NOT NULL DEFAULT '0',
  PRIMARY KEY (`ID`),
  KEY `SortOrder` (`SortOrder`),
  KEY `ClassName` (`ClassName`),
  KEY `SocialLogoID` (`SocialLogoID`),
  KEY `SiteConfigCustomExtensionID` (`SiteConfigCustomExtensionID`),
  KEY `SiteConfigCustomID` (`SiteConfigCustomID`)
) ENGINE=InnoDB AUTO_INCREMENT=5 DEFAULT CHARSET=latin1;

--
-- Dumping data for table `sociallinksfooter`
--

INSERT INTO `sociallinksfooter` (`ID`, `ClassName`, `LastEdited`, `Created`, `SocialLink`, `SortOrder`, `SocialLogoID`, `SiteConfigCustomExtensionID`, `SiteConfigCustomID`) VALUES
(1, 'SocialLinksFooter', '2021-04-05 03:40:28', '2021-04-05 03:39:16', 'https://www.facebook.com/', 2, 6, 0, 1),
(2, 'SocialLinksFooter', '2021-04-05 03:40:28', '2021-04-05 03:40:04', 'https://www.silverstripe.org/', 1, 7, 0, 1),
(3, 'SocialLinksFooter', '2021-04-05 03:41:02', '2021-04-05 03:41:00', 'https://www.linkedin.com/', 3, 8, 0, 1),
(4, 'SocialLinksFooter', '2021-04-05 03:41:23', '2021-04-05 03:41:21', '#', 4, 9, 0, 1);

-- --------------------------------------------------------

--
-- Table structure for table `virtualpage`
--

DROP TABLE IF EXISTS `virtualpage`;
CREATE TABLE IF NOT EXISTS `virtualpage` (
  `ID` int(11) NOT NULL AUTO_INCREMENT,
  `VersionID` int(11) NOT NULL DEFAULT '0',
  `CopyContentFromID` int(11) NOT NULL DEFAULT '0',
  PRIMARY KEY (`ID`),
  KEY `CopyContentFromID` (`CopyContentFromID`)
) ENGINE=InnoDB DEFAULT CHARSET=latin1;

-- --------------------------------------------------------

--
-- Table structure for table `virtualpage_live`
--

DROP TABLE IF EXISTS `virtualpage_live`;
CREATE TABLE IF NOT EXISTS `virtualpage_live` (
  `ID` int(11) NOT NULL AUTO_INCREMENT,
  `VersionID` int(11) NOT NULL DEFAULT '0',
  `CopyContentFromID` int(11) NOT NULL DEFAULT '0',
  PRIMARY KEY (`ID`),
  KEY `CopyContentFromID` (`CopyContentFromID`)
) ENGINE=InnoDB DEFAULT CHARSET=latin1;

-- --------------------------------------------------------

--
-- Table structure for table `virtualpage_versions`
--

DROP TABLE IF EXISTS `virtualpage_versions`;
CREATE TABLE IF NOT EXISTS `virtualpage_versions` (
  `ID` int(11) NOT NULL AUTO_INCREMENT,
  `RecordID` int(11) NOT NULL DEFAULT '0',
  `Version` int(11) NOT NULL DEFAULT '0',
  `VersionID` int(11) NOT NULL DEFAULT '0',
  `CopyContentFromID` int(11) NOT NULL DEFAULT '0',
  PRIMARY KEY (`ID`),
  UNIQUE KEY `RecordID_Version` (`RecordID`,`Version`),
  KEY `RecordID` (`RecordID`),
  KEY `Version` (`Version`),
  KEY `CopyContentFromID` (`CopyContentFromID`)
) ENGINE=InnoDB DEFAULT CHARSET=latin1;

-- --------------------------------------------------------

--
-- Table structure for table `_obsolete_page`
--

DROP TABLE IF EXISTS `_obsolete_page`;
CREATE TABLE IF NOT EXISTS `_obsolete_page` (
  `ID` int(11) NOT NULL AUTO_INCREMENT,
  `ElementalAreaID` int(11) NOT NULL DEFAULT '0',
  PRIMARY KEY (`ID`),
  KEY `ElementalAreaID` (`ElementalAreaID`)
) ENGINE=InnoDB AUTO_INCREMENT=7 DEFAULT CHARSET=latin1;

--
-- Dumping data for table `_obsolete_page`
--

INSERT INTO `_obsolete_page` (`ID`, `ElementalAreaID`) VALUES
(1, 1),
(4, 2),
(5, 3),
(6, 4);

-- --------------------------------------------------------

--
-- Table structure for table `_obsolete_page_live`
--

DROP TABLE IF EXISTS `_obsolete_page_live`;
CREATE TABLE IF NOT EXISTS `_obsolete_page_live` (
  `ID` int(11) NOT NULL AUTO_INCREMENT,
  `ElementalAreaID` int(11) NOT NULL DEFAULT '0',
  PRIMARY KEY (`ID`),
  KEY `ElementalAreaID` (`ElementalAreaID`)
) ENGINE=InnoDB AUTO_INCREMENT=6 DEFAULT CHARSET=latin1;

--
-- Dumping data for table `_obsolete_page_live`
--

INSERT INTO `_obsolete_page_live` (`ID`, `ElementalAreaID`) VALUES
(4, 2),
(5, 3);

-- --------------------------------------------------------

--
-- Table structure for table `_obsolete_page_versions`
--

DROP TABLE IF EXISTS `_obsolete_page_versions`;
CREATE TABLE IF NOT EXISTS `_obsolete_page_versions` (
  `ID` int(11) NOT NULL AUTO_INCREMENT,
  `RecordID` int(11) NOT NULL DEFAULT '0',
  `Version` int(11) NOT NULL DEFAULT '0',
  `ElementalAreaID` int(11) NOT NULL DEFAULT '0',
  PRIMARY KEY (`ID`),
  UNIQUE KEY `RecordID_Version` (`RecordID`,`Version`),
  KEY `RecordID` (`RecordID`),
  KEY `Version` (`Version`),
  KEY `ElementalAreaID` (`ElementalAreaID`)
) ENGINE=InnoDB AUTO_INCREMENT=7 DEFAULT CHARSET=latin1;

--
-- Dumping data for table `_obsolete_page_versions`
--

INSERT INTO `_obsolete_page_versions` (`ID`, `RecordID`, `Version`, `ElementalAreaID`) VALUES
(1, 1, 3, 1),
(2, 4, 3, 2),
(3, 5, 3, 3),
(4, 6, 2, 4),
(5, 4, 4, 2),
(6, 5, 4, 3);
COMMIT;

/*!40101 SET CHARACTER_SET_CLIENT=@OLD_CHARACTER_SET_CLIENT */;
/*!40101 SET CHARACTER_SET_RESULTS=@OLD_CHARACTER_SET_RESULTS */;
/*!40101 SET COLLATION_CONNECTION=@OLD_COLLATION_CONNECTION */;
